Time Range,Flag,Geartype,Vessel IDs,Vessel Presence Hours
2024-02-24,,,1005,5324.00
2024-02-20,,,1037,5706.00
2024-02-22,,,1061,6045.00
2024-02-22,IDN,,5763,81890.00
2024-02-12,,,847,5247.00
2024-02-07,,,843,4913.00
2024-02-02,,,914,5792.00
2024-02-04,IDN,,5829,82573.00
2024-02-01,,,880,5123.00
2024-02-16,,,862,4866.00
2024-02-16,IDN,,5604,81050.00
2024-02-03,PAN,,461,7307.00
2024-02-02,LBR,,337,5067.00
2024-02-10,IDN,,5617,78300.00
2024-02-09,LBR,,344,5268.00
2024-02-20,FRO,,8,34.00
2024-02-02,MHL,,242,3853.00
2024-02-23,PNG,,2,5.00
2024-02-13,NZL,,1,8.00
2024-02-12,THA,,22,287.00
2024-02-04,PRT,,18,247.00
2024-02-15,GIB,,1,20.00
2024-02-03,PNG,,1,24.00
2024-02-09,PNG,,1,22.00
2024-02-23,LBR,,304,5065.00
2024-02-08,BHS,,37,622.00
2024-02-11,BHS,,39,628.00
2024-02-25,SGP,,292,4018.00
2024-02-02,NZL,,2,25.00
2024-02-05,MLT,,61,974.00
2024-02-06,TUV,,14,241.00
2024-02-17,DNK,,22,260.00
2024-02-22,PAN,,472,7678.00
2024-02-07,BLZ,,25,468.00
2024-02-16,SAU,,7,74.00
2024-02-13,IRN,,8,139.00
2024-02-10,HKG,,199,2726.00
2024-02-22,MLT,,66,1073.00
2024-02-06,SAU,,6,89.00
2024-02-25,PAN,,462,7275.00
2024-02-02,IND,,4,34.00
2024-02-24,PAN,,460,7329.00
2024-02-06,MHL,,260,3806.00
2024-02-21,MYS,,86,1179.00
2024-02-20,HKG,,201,2925.00
2024-02-14,LBR,,321,5021.00
2024-02-18,SGP,,320,4574.00
2024-02-16,MNG,,12,66.00
2024-02-21,LBR,,317,4839.00
2024-02-07,LBR,,319,4779.00
2024-02-03,MNG,,8,82.00
2024-02-17,PHL,,7,136.00
2024-02-03,HKG,,198,2972.00
2024-02-17,KOR,,35,551.00
2024-02-21,MHL,,224,3645.00
2024-02-15,PAN,,445,7235.00
2024-02-11,NCL,,3,3.00
2024-02-03,BLZ,,31,498.00
2024-02-13,ATG,,7,101.00
2024-02-01,MHL,,235,3781.00
2024-02-04,CHN,,103,1614.00
2024-02-08,TGO,,2,20.00
2024-02-09,CYM,,13,151.00
2024-02-15,IND,,8,36.00
2024-02-06,MYS,,94,1173.00
2024-02-25,STP,,2,32.00
2024-02-08,SLE,,14,200.00
2024-02-10,SGP,,357,4145.00
2024-02-03,KIR,,2,41.00
2024-02-02,SAU,,5,60.00
2024-02-04,CYP,,31,392.00
2024-02-12,MLT,,58,800.00
2024-02-25,LBR,,301,4604.00
2024-02-09,VNM,,63,958.00
2024-02-04,MHL,,240,3833.00
2024-02-03,GRC,,25,370.00
2024-02-15,CHN,,136,2124.00
2024-02-15,HRV,,2,44.00
2024-02-14,NOR,,15,246.00
2024-02-02,MMR,,1,5.00
2024-02-13,MYS,,91,1237.00
2024-02-04,MYS,,103,1294.00
2024-02-04,JPN,,31,522.00
2024-02-12,PAN,,457,7482.00
2024-02-11,PAN,,463,7250.00
2024-02-25,BEL,,4,59.00
2024-02-22,BES,,1,4.00
2024-02-18,BGD,,17,305.00
2024-02-21,BHS,,42,628.00
2024-02-20,BHS,,48,738.00
2024-02-07,CHN,,108,1787.00
2024-02-02,CHN,,106,1700.00
2024-02-10,CHN,,126,1825.00
2024-02-12,CHN,,124,2093.00
2024-02-17,CHN,,140,2545.00
2024-02-05,CHN,,109,1678.00
2024-02-06,COK,,3,32.00
2024-02-06,CYP,,39,557.00
2024-02-20,DNK,,15,273.00
2024-02-06,DNK,,18,104.00
2024-02-05,FRA,,2,18.00
2024-02-02,IRN,,11,118.00
2024-02-05,JPN,,31,539.00
2024-02-05,KOR,,34,477.00
2024-02-24,KOR,,30,429.00
2024-02-09,KOR,,30,400.00
2024-02-11,KWT,,5,62.00
2024-02-03,LBR,,340,5433.00
2024-02-19,MHL,,213,3392.00
2024-02-08,MLT,,62,845.00
2024-02-06,MLT,,58,861.00
2024-02-10,MLT,,65,871.00
2024-02-07,MYS,,102,1191.00
2024-02-14,NLD,,13,221.00
2024-02-22,PLW,,8,112.00
2024-02-23,PRT,,26,429.00
2024-02-02,THA,,23,304.00
2024-02-17,TWN,,14,216.00
2024-02-13,TZA,,11,111.00
2024-02-14,VNM,,70,1154.00
2024-02-01,KHM,,1,3.00
2024-02-08,THA,,24,305.00
2024-02-12,PRT,,24,345.00
2024-02-17,GRC,,25,363.00
2024-02-08,KOR,,34,429.00
2024-02-20,JPN,,30,489.00
2024-02-01,BLZ,,27,443.00
2024-02-11,BLZ,,30,484.00
2024-02-01,CHN,,103,1643.00
2024-02-14,CYM,,8,150.00
2024-02-15,KOR,,38,494.00
2024-02-01,COK,,7,64.00
2024-02-01,PRT,,19,259.00
2024-02-03,NOR,,16,237.00
2024-02-09,MYS,,104,1217.00
2024-02-11,DNK,,15,185.00
2024-02-09,PRT,,20,292.00
2024-02-16,ITA,,2,23.00
2024-02-08,HKG,,177,2845.00
2024-02-03,PHL,,12,210.00
2024-02-18,MYS,,82,1183.00
2024-02-21,BGD,,17,278.00
2024-02-15,LBR,,307,4821.00
2024-02-08,CHN,,104,1801.00
2024-02-06,THA,,27,332.00
2024-02-15,NIU,,3,49.00
2024-02-24,THA,,18,318.00
2024-02-24,CYP,,32,507.00
2024-02-16,LBR,,300,4997.00
2024-02-08,BLZ,,26,459.00
2024-02-25,CHN,,125,2134.00
2024-02-01,THA,,26,375.00
2024-02-26,MHL,,241,3611.00
2024-02-29,SGP,,306,3670.00
2024-02-28,IDN,,5805,78621.00
2024-02-27,SAU,,23,145.00
2024-02-26,KNA,,3,72.00
2024-02-27,USA,,8,93.00
2024-02-27,MHL,,232,3579.00
2024-02-27,SGP,,286,4089.00
2024-02-28,PAN,,435,6740.00
2024-02-29,BLZ,,26,452.00
2024-02-26,JPN,,25,440.00
2024-02-27,JPN,,31,447.00
2024-02-28,MHL,,220,3341.00
2024-02-27,MLT,,69,1094.00
2024-02-27,THA,,16,264.00
2024-02-27,LUX,,5,120.00
2024-02-29,KNA,,4,73.00
2024-02-26,TUV,,10,171.00
2024-02-28,MLT,,65,897.00
2024-02-26,MNG,,15,222.00
2024-02-27,MUS,,1,24.00
2024-02-27,DMA,,1,1.00
2024-02-29,,,1159,6469.00
2024-02-28,,,1061,6458.00
2024-02-26,BGD,,15,203.00
2024-02-29,HKG,,161,2494.00
2024-02-28,GRC,,28,358.00
2024-02-26,LUX,,5,120.00
2024-02-26,GBR,,29,380.00
2024-02-28,CYM,,5,109.00
2024-02-28,BHS,,48,667.00
2024-02-26,AUS,,7,97.00
2024-02-29,BHS,,45,714.00
2024-02-29,AUS,,8,88.00
2024-02-28,AUS,,9,118.00
2024-02-27,KOR,,26,369.00
2024-02-22,BLZ,,31,551.00
2024-02-18,CYP,,28,474.00
2024-02-07,GBR,,36,453.00
2024-02-21,GRC,,25,366.00
2024-02-14,IND,,5,50.00
2024-02-17,IRN,,7,94.00
2024-02-06,KNA,,3,52.00
2024-02-19,LUX,,5,100.00
2024-02-24,LUX,,5,101.00
2024-02-07,LUX,,3,72.00
2024-02-03,MDA,,1,3.00
2024-02-07,MLT,,59,815.00
2024-02-17,NIU,,3,47.00
2024-02-11,NLD,,16,288.00
2024-02-16,NOR,,18,247.00
2024-02-01,PLW,,8,165.00
2024-02-25,PRT,,18,242.00
2024-02-08,TWN,,12,177.00
2024-02-26,SMR,,1,24.00
2024-02-18,KHM,,1,4.00
2024-02-15,DNK,,17,222.00
2024-02-04,GRC,,29,467.00
2024-02-11,VNM,,66,1109.00
2024-02-11,PRT,,20,267.00
2024-02-12,CYP,,32,451.00
2024-02-11,TWN,,11,148.00
2024-02-11,COK,,4,66.00
2024-02-10,IND,,7,126.00
2024-02-08,BES,,3,49.00
2024-02-01,GBR,,39,543.00
2024-02-22,NLD,,14,304.00
2024-02-02,COK,,6,93.00
2024-02-25,KNA,,3,57.00
2024-02-22,KIR,,2,43.00
2024-02-13,KIR,,1,24.00
2024-03-04,PAN,,438,7039.00
2024-03-01,HKG,,172,2573.00
2024-03-01,IDN,,5650,75255.00
2024-03-05,CYP,,32,505.00
2024-03-03,CYP,,37,510.00
2024-03-05,GBR,,37,493.00
2024-03-03,AUS,,6,40.00
2024-03-05,HKG,,182,3099.00
2024-02-05,SLE,,14,195.00
2024-02-07,BGD,,13,235.00
2024-02-23,GAB,,2,47.00
2024-02-19,BLZ,,26,481.00
2024-02-12,BGD,,10,194.00
2024-03-05,CHN,,129,2106.00
2024-03-01,NOR,,17,265.00
2024-03-01,PAN,,425,6655.00
2024-03-03,CHN,,126,2187.00
2024-03-03,PAN,,419,6791.00
2024-03-04,LBR,,292,4827.00
2024-03-05,PAN,,434,7180.00
2024-03-01,CYP,,30,433.00
2024-03-03,LBR,,295,4762.00
2024-03-02,HKG,,184,2853.00
2024-03-04,CYP,,35,537.00
2024-03-02,BEL,,4,13.00
2024-03-05,PRT,,21,351.00
2024-03-05,THA,,17,209.00
2024-03-05,JPN,,30,453.00
2024-03-04,JPN,,34,522.00
2024-03-02,KOR,,33,492.00
2024-03-02,PRT,,21,378.00
2024-03-01,BGD,,12,208.00
2024-03-03,IRN,,4,45.00
2024-03-01,LUX,,6,121.00
2024-03-03,GRC,,37,540.00
2024-03-02,CHN,,128,2154.00
2024-03-05,SAU,,6,25.00
2024-03-01,FRO,,13,81.00
2024-03-03,PRT,,20,396.00
2024-02-17,NZL,,1,3.00
2024-02-14,GRC,,21,268.00
2024-02-13,PRT,,22,310.00
2024-02-23,AUS,,5,82.00
2024-02-10,NZL,,2,20.00
2024-02-16,JPN,,32,445.00
2024-02-05,AUS,,12,123.00
2024-02-01,CYP,,33,455.00
2024-02-15,BHS,,42,686.00
2024-02-19,CYP,,31,462.00
2024-02-07,JOR,,2,25.00
2024-02-02,DNK,,23,227.00
2024-03-02,BHS,,44,610.00
2024-03-03,NLD,,11,176.00
2024-03-05,ALB,,1,12.00
2024-03-06,MLT,,50,833.00
2024-03-06,ATG,,5,83.00
2024-03-06,ITA,,3,34.00
2024-03-06,MHL,,224,3406.00
2024-03-07,MLT,,64,964.00
2024-03-06,DEU,,2,23.00
2024-03-06,THA,,24,290.00
2024-03-07,IRN,,13,107.00
2024-03-06,CHN,,121,1917.00
2024-03-07,VNM,,84,1451.00
2024-03-06,COK,,7,138.00
2024-03-06,SAU,,8,40.00
2024-03-06,NIU,,4,71.00
2024-03-06,TZA,,7,87.00
2024-03-06,PHL,,7,119.00
2024-03-07,KNA,,5,79.00
2024-03-08,BLZ,,25,469.00
2024-03-08,CHE,,1,24.00
2024-03-08,CHN,,129,2160.00
2024-03-08,IDN,,5759,82062.00
2024-03-08,MHL,,233,3649.00
2024-03-08,MLT,,68,1146.00
2024-03-08,MYS,,79,919.00
2024-03-08,PAN,,442,7158.00
2024-03-08,SLE,,14,174.00
2024-02-04,FRO,,11,88.00
2024-02-09,FRO,,12,123.00
2024-02-17,FRO,,9,45.00
2024-02-24,CPV,,4,24.00
2024-02-15,GBR,,22,304.00
2024-02-12,BHS,,34,540.00
2024-02-06,JPN,,31,496.00
2024-02-03,FRO,,9,79.00
2024-02-16,IND,,7,73.00
2024-02-18,MNG,,11,57.00
2024-02-14,ATG,,6,74.00
2024-02-25,BHS,,42,565.00
2024-02-11,IRN,,8,105.00
2024-02-04,CYM,,9,159.00
2024-02-04,THA,,23,250.00
2024-02-07,SLE,,13,195.00
2024-02-02,KOR,,35,524.00
2024-02-20,SLE,,12,158.00
2024-02-22,PRT,,28,391.00
2024-02-15,CYP,,26,368.00
2024-02-01,NOR,,15,229.00
2024-02-18,TZA,,8,110.00
2024-02-13,PNG,,1,19.00
2024-02-22,GRC,,27,457.00
2024-02-10,JPN,,31,450.00
2024-02-02,BGD,,17,272.00
2024-02-16,BGD,,16,288.00
2024-02-12,DEU,,6,67.00
2024-02-19,DNK,,18,297.00
2024-02-24,DNK,,18,207.00
2024-02-06,ETH,,1,11.00
2024-02-08,GRC,,29,437.00
2024-02-04,IRN,,10,106.00
2024-02-13,KOR,,35,526.00
2024-02-16,KWT,,2,20.00
2024-02-15,KWT,,2,26.00
2024-02-15,SAU,,6,67.00
2024-02-07,SWE,,1,24.00
2024-02-22,KHM,,1,9.00
2024-02-01,BHS,,41,653.00
2024-02-20,PRT,,22,330.00
2024-02-01,KOR,,38,490.00
2024-02-24,GRC,,25,359.00
2024-02-14,JPN,,38,467.00
2024-02-25,GBR,,24,327.00
2024-02-07,BRN,,1,10.00
2024-02-07,DJI,,1,23.00
2024-02-16,KOR,,37,423.00
2024-02-14,COK,,4,69.00
2024-02-13,IND,,8,120.00
2024-02-14,DNK,,21,201.00
2024-02-16,PRT,,24,374.00
2024-02-08,GBR,,34,448.00
2024-02-23,GBR,,25,392.00
2024-02-27,GBR,,26,372.00
2024-02-28,IRN,,11,103.00
2024-02-28,PRT,,21,339.00
2024-02-27,ETH,,1,8.00
2024-02-29,TZA,,5,55.00
2024-02-27,BMU,,10,151.00
2024-02-27,CPV,,4,27.00
2024-02-27,NLD,,14,245.00
2024-02-29,FRO,,13,103.00
2024-02-26,PRT,,14,193.00
2024-02-29,TWN,,12,187.00
2024-02-27,FJI,,4,55.00
2024-02-26,ATG,,5,81.00
2024-02-26,GRC,,26,329.00
2024-02-26,FJI,,3,32.00
2024-02-29,NOR,,13,208.00
2024-02-09,BLZ,,30,481.00
2024-02-07,DMA,,1,1.00
2024-02-08,GIB,,2,39.00
2024-02-08,GNB,,3,3.00
2024-02-18,ITA,,1,21.00
2024-02-23,JOR,,2,25.00
2024-02-13,SAU,,7,113.00
2024-02-05,TZA,,9,99.00
2024-02-10,TZA,,7,63.00
2024-02-27,PLW,,5,85.00
2024-02-23,NOR,,13,198.00
2024-02-06,KOR,,32,414.00
2024-02-23,BLZ,,27,521.00
2024-02-04,BGD,,12,243.00
2024-03-01,DNK,,13,159.00
2024-03-03,USA,,10,109.00
2024-03-02,JOR,,2,12.00
2024-03-04,DNK,,16,226.00
2024-02-05,TWN,,14,161.00
2024-02-22,VNM,,67,953.00
2024-02-25,BLZ,,26,566.00
2024-02-25,ITA,,2,36.00
2024-03-01,BMU,,6,91.00
2024-03-03,TWN,,14,192.00
2024-03-04,THA,,16,215.00
2024-03-02,DNK,,12,138.00
2024-03-01,BEL,,3,62.00
2024-03-03,THA,,20,284.00
2024-03-04,MLT,,70,1100.00
2024-03-01,TGO,,3,40.00
2024-03-04,NOR,,17,234.00
2024-03-05,DNK,,18,206.00
2024-03-01,SAU,,7,81.00
2024-03-03,BRN,,1,5.00
2024-03-02,MNG,,11,139.00
2024-03-02,LUX,,6,119.00
2024-03-04,PRT,,21,354.00
2024-03-02,THA,,16,244.00
2024-03-05,MYS,,78,950.00
2024-03-03,MNG,,12,180.00
2024-03-01,NLD,,12,223.00
2024-03-03,MUS,,1,24.00
2024-02-02,JPN,,26,349.00
2024-02-18,HRV,,1,24.00
2024-02-13,BMU,,4,51.00
2024-02-02,GAB,,4,57.00
2024-02-18,TWN,,15,204.00
2024-02-05,BLZ,,25,406.00
2024-02-20,RUS,,1,24.00
2024-03-03,ERI,,1,24.00
2024-03-07,SGP,,371,4530.00
2024-03-06,DNK,,12,153.00
2024-03-05,GAB,,3,72.00
2024-03-01,GAB,,3,72.00
2024-03-06,PNG,,2,10.00
2024-03-06,GRC,,32,564.00
2024-03-07,KOR,,42,651.00
2024-03-07,NIU,,3,60.00
2024-03-07,BRN,,1,7.00
2024-03-07,IND,,10,161.00
2024-03-07,BEL,,3,36.00
2024-03-08,ALB,,1,24.00
2024-03-08,BMU,,9,196.00
2024-03-08,JPN,,30,452.00
2024-02-11,FRO,,11,92.00
2024-02-17,MLT,,66,1047.00
2024-02-10,CPV,,4,39.00
2024-02-01,SOM,,1,1.00
2024-02-14,SGP,,307,4466.00
2024-02-05,PRT,,16,256.00
2024-02-13,GBR,,19,268.00
2024-02-16,THA,,17,224.00
2024-02-06,CPV,,7,61.00
2024-02-07,PHL,,8,104.00
2024-02-10,VNM,,63,982.00
2024-02-12,ATG,,8,120.00
2024-02-03,PRT,,19,285.00
2024-02-05,BGD,,15,267.00
2024-02-25,KOR,,24,426.00
2024-02-14,MNG,,7,83.00
2024-02-12,DJI,,1,13.00
2024-02-25,DNK,,18,167.00
2024-02-21,TUV,,11,159.00
2024-02-02,BLZ,,26,426.00
2024-02-15,NOR,,14,206.00
2024-02-11,VCT,,3,27.00
2024-02-12,BEL,,3,34.00
2024-02-16,GBR,,21,353.00
2024-02-03,BEL,,4,58.00
2024-02-11,BGD,,10,215.00
2024-02-06,BGD,,14,261.00
2024-02-23,BGD,,16,273.00
2024-02-18,BRB,,4,49.00
2024-02-11,GAB,,5,111.00
2024-02-25,GNB,,1,2.00
2024-02-25,IRN,,11,100.00
2024-02-07,MUS,,2,25.00
2024-02-24,NOR,,12,196.00
2024-02-10,PLW,,7,113.00
2024-02-03,TUV,,12,183.00
2024-02-06,TWN,,14,179.00
2024-02-19,TWN,,12,153.00
2024-02-20,SAU,,6,69.00
2024-02-07,CMR,,5,55.00
2024-02-17,SAU,,6,74.00
2024-02-13,USA,,5,69.00
2024-02-24,BRN,,2,3.00
2024-02-13,SWE,,2,24.00
2024-02-13,VCT,,2,16.00
2024-02-06,KIR,,1,7.00
2024-02-26,CYM,,8,107.00
2024-02-29,CYP,,30,418.00
2024-02-29,DMA,,1,1.00
2024-02-29,CPV,,6,19.00
2024-02-26,PNG,,1,8.00
2024-02-28,NLD,,14,213.00
2024-02-26,USA,,9,119.00
2024-02-16,GNQ,,2,48.00
2024-02-19,GNQ,,2,48.00
2024-02-09,GNQ,,3,49.00
2024-02-18,GNQ,,2,48.00
2024-02-14,KNA,,1,24.00
2024-02-18,LUX,,4,96.00
2024-02-14,MNP,,1,12.00
2024-02-21,MUS,,1,24.00
2024-02-08,NLD,,12,229.00
2024-02-16,PLW,,5,119.00
2024-02-20,PLW,,5,94.00
2024-02-18,THA,,23,357.00
2024-02-25,TZA,,7,100.00
2024-02-03,USA,,8,100.00
2024-02-10,VUT,,1,3.00
2024-02-26,ERI,,2,41.00
2024-02-29,PLW,,8,115.00
2024-02-03,NLD,,12,231.00
2024-02-06,VCT,,3,54.00
2024-02-22,IND,,6,85.00
2024-02-06,GIB,,3,59.00
2024-02-12,LKA,,1,24.00
2024-02-09,ERI,,1,24.00
2024-03-01,TWN,,18,207.00
2024-03-01,IND,,6,54.00
2024-02-25,TGO,,1,17.00
2024-02-12,QAT,,1,24.00
2024-02-24,BGD,,16,228.00
2024-03-01,MYS,,95,1047.00
2024-03-02,KWT,,3,58.00
2024-03-02,VCT,,2,48.00
2024-03-02,KNA,,4,81.00
2024-03-03,FRA,,4,32.00
2024-03-02,GUY,,1,24.00
2024-03-01,PLW,,6,91.00
2024-03-05,NZL,,3,15.00
2024-02-11,CPV,,5,49.00
2024-02-06,JOR,,1,23.00
2024-02-19,TUV,,11,184.00
2024-02-15,LSO,,1,6.00
2024-02-14,JOR,,1,24.00
2024-03-03,SLE,,9,115.00
2024-03-02,FRA,,4,32.00
2024-03-05,AUS,,6,73.00
2024-03-07,MDV,,1,11.00
2024-03-06,FRO,,9,65.00
2024-03-07,THA,,23,297.00
2024-03-07,USA,,8,78.00
2024-03-06,NLD,,7,143.00
2024-03-06,IND,,12,107.00
2024-03-07,PRT,,16,240.00
2024-03-06,BGD,,10,175.00
2024-03-08,DNK,,10,115.00
2024-03-08,KNA,,4,73.00
2024-02-05,IDN,,5645,79050.00
2024-02-02,GBR,,36,549.00
2024-02-10,FRO,,12,130.00
2024-02-06,POL,,1,6.00
2024-02-23,NLD,,16,308.00
2024-02-09,ATG,,12,103.00
2024-02-06,DJI,,2,20.00
2024-02-20,STP,,1,5.00
2024-02-16,FRA,,5,56.00
2024-02-23,BEL,,4,51.00
2024-02-01,TZA,,7,93.00
2024-02-09,NOR,,13,205.00
2024-02-04,SLE,,13,170.00
2024-02-09,NLD,,13,227.00
2024-02-23,GRC,,27,361.00
2024-02-03,FRA,,4,52.00
2024-02-19,BGD,,20,320.00
2024-02-05,ITA,,2,34.00
2024-02-14,KWT,,3,31.00
2024-02-12,POL,,1,5.00
2024-02-20,EGY,,1,6.00
2024-02-08,DEU,,5,86.00
2024-02-23,IRN,,10,107.00
2024-02-09,PHL,,6,85.00
2024-02-10,SMR,,1,24.00
2024-02-09,MNG,,11,150.00
2024-02-12,MNG,,7,126.00
2024-02-21,ZAF,,2,5.00
2024-02-27,IDN,,5685,79436.00
2024-02-28,VUT,,3,38.00
2024-02-29,ATG,,6,84.00
2024-02-26,CMR,,2,23.00
2024-02-26,SSD,,1,5.00
2024-02-29,BMU,,10,167.00
2024-02-29,DNK,,14,144.00
2024-02-26,NIU,,7,66.00
2024-02-26,TZA,,8,78.00
2024-02-29,DEU,,4,61.00
2024-02-29,LSO,,1,5.00
2024-02-27,BEL,,4,74.00
2024-02-22,BRN,,1,6.00
2024-02-20,MUS,,1,24.00
2024-02-17,NLD,,14,291.00
2024-02-09,NRU,,1,24.00
2024-02-01,PHL,,10,194.00
2024-02-24,PLW,,6,94.00
2024-02-08,TUV,,15,211.00
2024-02-02,TZA,,10,133.00
2024-02-05,ZAF,,1,1.00
2024-02-26,IND,,6,79.00
2024-02-26,TGO,,2,12.00
2024-02-28,TGO,,1,20.00
2024-03-05,CYM,,7,93.00
2024-03-02,IRN,,5,71.00
2024-02-02,VCT,,6,122.00
2024-02-09,LIE,,1,24.00
2024-03-02,,,1092,5919.00
2024-03-05,BMU,,10,170.00
2024-03-02,GNQ,,2,48.00
2024-03-04,MDV,,1,13.00
2024-03-04,CPV,,5,43.00
2024-03-05,FRO,,10,67.00
2024-02-07,AUS,,9,117.00
2024-02-20,AUS,,8,70.00
2024-02-03,BMU,,6,106.00
2024-02-19,AUS,,8,64.00
2024-02-15,ALB,,1,22.00
2024-02-22,CYM,,12,177.00
2024-03-07,PAK,,1,11.00
2024-03-06,KIR,,3,44.00
2024-03-06,GAB,,3,72.00
2024-03-08,IND,,7,102.00
2024-03-08,STP,,1,17.00
2024-03-08,USA,,5,64.00
2024-02-14,PAN,,454,7276.00
2024-02-24,FRO,,9,73.00
2024-02-02,SOM,,1,2.00
2024-02-24,NLD,,13,268.00
2024-02-03,CPV,,6,47.00
2024-02-23,TWN,,10,197.00
2024-02-15,JPN,,27,482.00
2024-02-07,CPV,,6,47.00
2024-02-17,BMU,,4,73.00
2024-02-17,SLE,,6,85.00
2024-02-23,DEU,,11,107.00
2024-02-10,SLE,,6,119.00
2024-02-03,VCT,,6,98.00
2024-02-04,BRB,,3,18.00
2024-02-01,BRB,,3,41.00
2024-02-10,CYP,,35,471.00
2024-02-05,ETH,,1,24.00
2024-02-21,SAU,,5,75.00
2024-02-16,TUR,,1,14.00
2024-02-11,PHL,,5,43.00
2024-02-19,IND,,4,32.00
2024-02-05,DNK,,20,291.00
2024-02-07,ITA,,2,47.00
2024-02-08,NIU,,4,44.00
2024-02-02,TWN,,10,109.00
2024-02-15,BGD,,15,273.00
2024-02-26,HKG,,162,2373.00
2024-02-29,VUT,,1,14.00
2024-02-28,FRA,,4,45.00
2024-02-26,MUS,,1,23.00
2024-02-29,NPL,,1,10.00
2024-02-29,JOR,,1,24.00
2024-02-29,COK,,3,52.00
2024-02-24,COK,,5,60.00
2024-02-20,DMA,,2,2.00
2024-02-25,FRA,,3,55.00
2024-02-04,LBY,,1,7.00
2024-02-16,LUX,,4,82.00
2024-02-22,NIU,,6,82.00
2024-02-01,NIU,,5,75.00
2024-02-08,NRU,,1,24.00
2024-02-27,TUV,,10,176.00
2024-02-13,NOR,,17,306.00
2024-02-13,LKA,,1,24.00
2024-02-23,ERI,,1,24.00
2024-03-03,LUX,,5,96.00
2024-02-21,HRV,,1,24.00
2024-02-03,CYM,,7,136.00
2024-03-03,BMU,,7,119.00
2024-03-02,SAU,,9,72.00
2024-03-04,BEL,,4,76.00
2024-03-04,TUV,,6,106.00
2024-03-01,CMR,,2,36.00
2024-03-03,TUV,,10,103.00
2024-03-01,CYM,,4,71.00
2024-03-03,COK,,6,107.00
2024-03-03,GUY,,1,2.00
2024-03-04,BES,,2,10.00
2024-03-03,NPL,,1,12.00
2024-02-12,BRA,,1,22.00
2024-02-14,NIU,,3,49.00
2024-02-24,FJI,,1,5.00
2024-02-08,COK,,3,47.00
2024-02-17,AUS,,8,57.00
2024-02-13,PCN,,1,10.00
2024-02-12,TUV,,8,114.00
2024-02-18,JOR,,1,24.00
2024-02-13,KWT,,5,31.00
2024-03-01,DEU,,5,52.00
2024-03-06,TWN,,18,259.00
2024-03-06,STP,,1,15.00
2024-03-06,MDA,,1,1.00
2024-03-07,ZAF,,1,24.00
2024-03-07,TUV,,10,178.00
2024-03-08,CYM,,5,64.00
2024-02-23,HKG,,196,3092.00
2024-02-19,FRO,,7,54.00
2024-02-19,PRT,,21,324.00
2024-02-17,SGP,,320,4601.00
2024-02-10,LBR,,336,5168.00
2024-02-11,MHL,,259,4020.00
2024-02-08,FRO,,10,86.00
2024-02-05,CPV,,7,52.00
2024-02-05,GRC,,31,499.00
2024-02-01,GRC,,22,244.00
2024-02-08,CYM,,12,149.00
2024-02-21,CYM,,11,191.00
2024-02-21,COK,,3,55.00
2024-02-20,BEL,,1,16.00
2024-02-23,BMU,,3,51.00
2024-02-10,COM,,1,16.00
2024-02-03,DNK,,17,197.00
2024-02-25,KWT,,3,48.00
2024-02-10,LBY,,1,9.00
2024-02-15,TGO,,1,17.00
2024-02-04,FRA,,4,53.00
2024-02-09,BRB,,2,37.00
2024-02-14,BRN,,1,3.00
2024-02-18,MMR,,1,7.00
2024-02-05,BES,,2,40.00
2024-02-10,ZAF,,1,2.00
2024-02-28,ESP,,1,19.00
2024-02-26,IRN,,10,111.00
2024-02-28,BGD,,10,165.00
2024-02-27,MNP,,1,4.00
2024-02-29,PNG,,1,2.00
2024-02-27,NPL,,1,17.00
2024-02-26,BEL,,4,61.00
2024-02-18,ATG,,3,49.00
2024-02-07,BMU,,7,61.00
2024-02-18,BRA,,2,18.00
2024-02-21,DEU,,5,34.00
2024-02-03,DEU,,3,47.00
2024-02-17,DMA,,4,34.00
2024-02-05,GIN,,1,1.00
2024-02-10,ITA,,4,33.00
2024-02-21,LUX,,4,78.00
2024-02-17,LUX,,4,93.00
2024-02-10,NIU,,6,90.00
2024-02-06,NLD,,12,242.00
2024-02-19,NRU,,1,24.00
2024-02-05,NRU,,1,24.00
2024-02-13,PHL,,5,67.00
2024-02-01,USA,,6,78.00
2024-02-27,ITA,,1,11.00
2024-02-10,EGY,,1,16.00
2024-02-15,BRA,,2,36.00
2024-02-01,ERI,,2,22.00
2024-02-17,VUT,,2,48.00
2024-02-16,ERI,,2,48.00
2024-03-05,PHL,,5,66.00
2024-03-01,VCT,,2,18.00
2024-03-03,KIR,,2,42.00
2024-03-01,SWE,,3,45.00
2024-03-05,TUV,,8,117.00
2024-03-02,STP,,1,1.00
2024-02-10,USA,,9,94.00
2024-02-17,KIR,,3,52.00
2024-02-24,GAB,,4,76.00
2024-02-04,GAB,,3,50.00
2024-02-18,LSO,,1,15.00
2024-03-01,GIB,,1,24.00
2024-03-04,LUX,,4,68.00
2024-03-04,LSO,,1,16.00
2024-03-02,GAB,,3,72.00
2024-03-07,BGD,,11,175.00
2024-03-07,ALB,,1,24.00
2024-03-08,MUS,,1,24.00
2024-02-03,MYS,,106,1291.00
2024-02-20,NPL,,1,16.00
2024-02-20,TUV,,11,159.00
2024-02-02,FRO,,10,74.00
2024-02-20,COK,,4,58.00
2024-02-05,CYP,,33,409.00
2024-02-07,TZA,,4,29.00
2024-02-14,DJI,,1,14.00
2024-02-25,BMU,,7,114.00
2024-02-15,FRA,,3,52.00
2024-02-19,COK,,7,95.00
2024-02-14,GAB,,4,75.00
2024-02-09,STP,,1,12.00
2024-02-06,FRA,,5,52.00
2024-02-14,PHL,,3,53.00
2024-02-17,BGD,,15,243.00
2024-02-11,BES,,1,1.00
2024-02-09,KWT,,4,63.00
2024-02-08,LBY,,1,3.00
2024-02-21,NLD,,14,268.00
2024-02-21,PLW,,6,101.00
2024-02-11,SAU,,7,67.00
2024-02-11,LKA,,2,30.00
2024-02-12,SAU,,7,106.00
2024-02-07,IND,,9,118.00
2024-02-24,QAT,,1,10.00
2024-02-28,HKG,,171,2515.00
2024-02-29,CYM,,6,98.00
2024-02-27,IND,,6,77.00
2024-02-28,CHE,,1,16.00
2024-02-28,BEL,,3,60.00
2024-02-27,NOR,,11,141.00
2024-02-27,STP,,2,9.00
2024-02-27,KNA,,3,72.00
2024-02-28,KNA,,4,73.00
2024-02-29,MUS,,1,24.00
2024-02-28,GAB,,4,72.00
2024-02-26,GAB,,3,64.00
2024-02-28,PAK,,1,1.00
2024-02-16,DEU,,3,44.00
2024-02-21,GIB,,1,19.00
2024-02-22,GIB,,1,22.00
2024-02-03,GNQ,,2,48.00
2024-02-09,HRV,,1,1.00
2024-02-10,KAZ,,1,1.00
2024-02-05,LBY,,1,1.00
2024-02-03,MUS,,2,32.00
2024-02-26,ITA,,1,23.00
2024-02-16,KIR,,2,48.00
2024-02-13,ERI,,2,34.00
2024-03-03,KNA,,4,77.00
2024-02-21,SLE,,12,168.00
2024-02-03,SLE,,12,131.00
2024-03-01,NIU,,7,61.00
2024-03-04,DEU,,4,52.00
2024-03-05,GNQ,,2,48.00
2024-03-01,CPV,,5,28.00
2024-02-21,ITA,,1,22.00
2024-02-08,ALB,,1,24.00
2024-02-23,COK,,4,63.00
2024-02-21,LSO,,1,13.00
2024-03-07,HKG,,195,3117.00
2024-03-01,PNG,,1,2.00
2024-03-07,CPV,,8,87.00
2024-03-06,NOR,,18,260.00
2024-03-07,PHL,,11,143.00
2024-03-06,BGR,,1,7.00
2024-03-08,PLW,,5,79.00
2024-02-12,IDN,,5380,76988.00
2024-02-24,MHL,,258,4111.00
2024-02-24,GBR,,30,375.00
2024-02-02,SGP,,324,4434.00
2024-02-21,NPL,,1,15.00
2024-02-10,PRT,,19,283.00
2024-02-14,SLE,,9,116.00
2024-02-13,SLE,,10,110.00
2024-02-22,BGD,,19,286.00
2024-02-15,NLD,,10,194.00
2024-02-23,BRB,,7,142.00
2024-02-05,CYM,,9,166.00
2024-02-18,PAK,,1,9.00
2024-02-01,SAU,,6,70.00
2024-02-25,USA,,11,142.00
2024-02-19,BGR,,1,8.00
2024-02-22,HRV,,2,26.00
2024-02-03,KNA,,3,72.00
2024-02-06,SWZ,,1,10.00
2024-02-12,BRN,,1,5.00
2024-02-19,GEO,,1,1.00
2024-02-21,FRA,,4,43.00
2024-02-27,LBR,,296,4086.00
2024-02-28,NOR,,11,167.00
2024-02-29,SWE,,2,33.00
2024-02-29,ALB,,2,6.00
2024-02-18,BES,,1,2.00
2024-02-21,LKA,,1,24.00
2024-02-19,NOR,,11,206.00
2024-02-25,RUS,,1,19.00
2024-02-13,TON,,1,1.00
2024-02-21,USA,,7,91.00
2024-02-11,VUT,,1,12.00
2024-02-14,ERI,,2,23.00
2024-03-02,BLZ,,26,491.00
2024-03-03,NOR,,20,297.00
2024-02-20,LIE,,1,11.00
2024-02-08,LIE,,1,24.00
2024-03-02,CMR,,4,81.00
2024-03-04,PLW,,3,56.00
2024-03-05,CPV,,8,56.00
2024-02-04,TZA,,6,78.00
2024-02-01,TUR,,1,24.00
2024-02-06,ALB,,1,24.00
2024-02-20,JOR,,1,24.00
2024-03-03,GAB,,3,72.00
2024-03-01,ERI,,1,24.00
2024-03-01,KWT,,2,21.00
2024-03-04,FJI,,2,11.00
2024-03-07,AUS,,9,83.00
2024-03-07,DEU,,2,37.00
2024-03-07,GUY,,1,13.00
2024-03-08,,,1057,5859.00
2024-03-08,CMR,,1,23.00
2024-03-08,GBR,,25,347.00
2024-03-08,JAM,,1,10.00
2024-02-20,MDV,,1,13.00
2024-02-12,JPN,,35,570.00
2024-02-22,CHN,,149,2499.00
2024-02-09,CPV,,3,35.00
2024-02-24,SOM,,1,5.00
2024-02-17,PAN,,480,7768.00
2024-02-13,ESP,,1,3.00
2024-02-03,POL,,1,3.00
2024-02-24,NPL,,1,21.00
2024-02-18,CPV,,3,22.00
2024-02-11,BEL,,5,70.00
2024-02-21,MLT,,68,966.00
2024-02-05,LVA,,1,18.00
2024-02-21,IND,,7,115.00
2024-02-09,BIH,,1,1.00
2024-02-22,SLE,,9,138.00
2024-02-14,PNG,,1,20.00
2024-02-17,COK,,5,103.00
2024-02-16,DMA,,2,15.00
2024-02-16,GAB,,4,89.00
2024-02-23,KNA,,3,53.00
2024-02-06,STP,,1,14.00
2024-02-03,ITA,,3,42.00
2024-02-08,ATG,,15,199.00
2024-02-06,PHL,,9,155.00
2024-02-29,BRB,,2,12.00
2024-02-26,NPL,,1,13.00
2024-02-26,BRA,,1,3.00
2024-02-27,COK,,3,53.00
2024-02-24,EGY,,1,8.00
2024-02-07,IRN,,11,109.00
2024-02-24,PHL,,11,186.00
2024-02-19,SLE,,9,102.00
2024-02-18,TGO,,3,44.00
2024-02-20,USA,,6,88.00
2024-02-16,ATG,,5,40.00
2024-02-22,VUT,,2,45.00
2024-02-07,KIR,,2,19.00
2024-02-14,BES,,1,13.00
2024-03-01,GBR,,31,443.00
2024-03-03,BRA,,1,14.00
2024-02-22,USA,,8,82.00
2024-02-19,JOR,,1,24.00
2024-03-03,SMR,,1,13.00
2024-03-08,NZL,,1,1.00
2024-02-20,PAN,,462,7503.00
2024-02-06,FRO,,11,80.00
2024-02-06,PAN,,482,7480.00
2024-02-08,CPV,,5,51.00
2024-02-16,ESP,,2,26.00
2024-02-14,FRA,,6,55.00
2024-02-04,BLZ,,24,417.00
2024-02-18,DEU,,4,69.00
2024-02-07,NIU,,3,35.00
2024-02-03,TZA,,10,122.00
2024-02-18,BRN,,2,28.00
2024-02-20,ZAF,,2,22.00
2024-02-01,AUS,,15,146.00
2024-02-13,BGD,,9,182.00
2024-02-08,CMR,,4,46.00
2024-02-21,COM,,1,16.00
2024-02-18,FRA,,3,37.00
2024-02-03,SMR,,1,24.00
2024-02-08,ZAF,,1,24.00
2024-02-14,TUV,,8,103.00
2024-02-22,ZAF,,1,21.00
2024-02-10,URY,,4,8.00
2024-02-26,TWN,,11,156.00
2024-02-27,BES,,1,24.00
2024-02-26,BRB,,3,35.00
2024-02-28,KHM,,1,8.00
2024-02-08,BOL,,1,13.00
2024-02-23,GNQ,,2,48.00
2024-02-01,MUS,,1,24.00
2024-02-05,TGO,,1,17.00
2024-02-13,BRA,,2,9.00
2024-02-20,ITA,,2,25.00
2024-03-04,SWE,,1,5.00
2024-03-04,BGD,,10,171.00
2024-03-04,SYC,,1,11.00
2024-02-14,RUS,,1,24.00
2024-02-14,QAT,,1,22.00
2024-03-02,MMR,,1,1.00
2024-03-03,FJI,,1,2.00
2024-03-01,GNQ,,2,48.00
2024-03-02,CPV,,6,28.00
2024-02-15,CPV,,3,21.00
2024-02-19,RUS,,1,24.00
2024-03-05,FRA,,4,62.00
2024-03-01,TUV,,10,197.00
2024-03-06,KOR,,46,626.00
2024-03-07,COK,,7,125.00
2024-02-14,FRO,,11,90.00
2024-02-07,PAN,,460,7263.00
2024-02-18,SOM,,1,2.00
2024-02-17,CPV,,3,28.00
2024-02-07,KNA,,3,63.00
2024-02-08,DNK,,22,231.00
2024-02-03,COK,,5,57.00
2024-02-17,WLF,,1,2.00
2024-02-20,IND,,6,93.00
2024-02-23,CMR,,3,66.00
2024-02-20,COM,,1,22.00
2024-02-14,SAU,,6,50.00
2024-02-23,ITA,,3,38.00
2024-02-09,MAR,,1,1.00
2024-02-25,GAB,,4,96.00
2024-02-07,CAN,,1,4.00
2024-02-08,BEL,,4,69.00
2024-02-27,KHM,,2,25.00
2024-02-27,TWN,,11,177.00
2024-02-27,SWE,,1,24.00
2024-02-27,KIR,,2,28.00
2024-02-06,GNQ,,2,48.00
2024-02-29,SMR,,1,24.00
2024-02-25,SSD,,1,7.00
2024-02-16,SMR,,1,24.00
2024-02-09,COK,,3,67.00
2024-02-07,GIB,,2,47.00
2024-03-04,VNM,,82,1353.00
2024-03-01,MNG,,11,134.00
2024-03-04,KNA,,3,72.00
2024-03-02,NIU,,3,63.00
2024-03-05,MUS,,1,24.00
2024-02-22,BRA,,1,18.00
2024-02-15,BRB,,3,42.00
2024-02-07,KWT,,1,20.00
2024-02-04,ALB,,1,24.00
2024-02-01,ALB,,1,6.00
2024-02-01,JOR,,1,24.00
2024-02-25,SMR,,1,24.00
2024-02-18,SMR,,1,24.00
2024-02-13,LSO,,1,3.00
2024-03-05,LSO,,1,18.00
2024-03-07,ETH,,1,12.00
2024-03-06,NZL,,3,10.00
2024-03-07,GAB,,3,72.00
2024-02-15,CYM,,8,127.00
2024-02-01,POL,,1,9.00
2024-02-08,JPN,,25,292.00
2024-02-11,BMU,,8,131.00
2024-02-11,GBR,,30,488.00
2024-02-15,BMU,,4,58.00
2024-02-13,DMA,,2,20.00
2024-02-22,BMU,,4,90.00
2024-02-11,BRB,,2,45.00
2024-02-09,DEU,,7,104.00
2024-02-12,KWT,,4,65.00
2024-02-15,LUX,,4,81.00
2024-02-15,PAK,,2,24.00
2024-02-10,RUS,,1,24.00
2024-02-04,KNA,,3,53.00
2024-02-10,MMR,,2,4.00
2024-02-02,MNG,,11,91.00
2024-02-20,LUX,,4,89.00
2024-02-10,FJI,,1,1.00
2024-02-26,PAN,,481,7401.00
2024-02-28,VNM,,61,921.00
2024-02-27,ARE,,2,4.00
2024-02-29,THA,,17,247.00
2024-02-26,KWT,,3,43.00
2024-02-29,GNQ,,3,50.00
2024-02-28,MUS,,1,24.00
2024-02-01,LUX,,4,88.00
2024-02-13,PLW,,5,90.00
2024-02-28,SMR,,1,24.00
2024-02-28,QAT,,1,24.00
2024-02-02,ERI,,2,29.00
2024-02-03,GIB,,2,48.00
2024-03-05,KWT,,4,44.00
2024-02-22,COK,,4,64.00
2024-03-03,NIU,,4,53.00
2024-03-05,TZA,,2,48.00
2024-03-03,POL,,1,9.00
2024-02-25,CPV,,4,20.00
2024-02-20,SMR,,1,24.00
2024-03-05,LIE,,1,22.00
2024-03-07,JPN,,27,377.00
2024-03-06,TUV,,8,154.00
2024-02-03,,,949,6162.00
2024-02-13,IDN,,5539,79829.00
2024-02-24,MDV,,1,5.00
2024-02-14,ESP,,1,9.00
2024-02-06,GRC,,30,426.00
2024-02-08,IRN,,12,168.00
2024-02-14,HRV,,2,40.00
2024-02-18,BMU,,4,75.00
2024-02-13,KNA,,4,82.00
2024-02-21,TZA,,12,161.00
2024-02-10,KWT,,3,52.00
2024-02-06,BRN,,1,10.00
2024-02-19,BEL,,4,53.00
2024-02-23,LKA,,2,22.00
2024-02-26,DEU,,5,69.00
2024-02-27,CHE,,1,1.00
2024-02-29,MNG,,14,194.00
2024-02-28,USA,,10,86.00
2024-02-04,BES,,2,6.00
2024-02-17,BRA,,2,31.00
2024-02-01,NRU,,1,24.00
2024-02-08,TZA,,4,40.00
2024-02-27,FRA,,4,60.00
2024-02-15,LKA,,1,24.00
2024-03-05,SGP,,357,4371.00
2024-03-03,CYM,,6,69.00
2024-03-03,IND,,6,80.00
2024-03-02,DEU,,4,52.00
2024-03-01,HND,,1,16.00
2024-02-05,GAB,,2,40.00
2024-03-05,CMR,,1,6.00
2024-02-16,HRV,,1,24.00
2024-02-06,LSO,,1,15.00
2024-03-02,BRA,,1,19.00
2024-03-07,GNQ,,2,48.00
2024-03-08,ITA,,4,31.00
2024-03-08,NOR,,13,209.00
2024-02-08,BMU,,6,83.00
2024-02-11,ESP,,1,5.00
2024-02-19,CHN,,138,2397.00
2024-02-23,CPV,,5,20.00
2024-02-12,GBR,,25,434.00
2024-02-07,VUT,,2,42.00
2024-02-25,GRC,,24,383.00
2024-02-25,BGD,,16,275.00
2024-02-07,NOR,,8,114.00
2024-02-02,NIU,,4,66.00
2024-02-07,SAU,,6,70.00
2024-02-01,FRA,,1,10.00
2024-02-19,ESP,,1,24.00
2024-02-28,SWE,,2,31.00
2024-02-28,ALB,,2,19.00
2024-02-21,GNQ,,2,48.00
2024-02-20,GNQ,,2,48.00
2024-02-15,NRU,,1,24.00
2024-02-10,NRU,,1,24.00
2024-02-18,PLW,,5,99.00
2024-02-12,VUT,,1,24.00
2024-02-02,GIB,,2,48.00
2024-03-02,TWN,,15,201.00
2024-03-03,ETH,,1,19.00
2024-03-04,AUS,,8,65.00
2024-02-25,ERI,,1,24.00
2024-03-02,SLE,,13,142.00
2024-03-01,ARE,,1,1.00
2024-03-02,ARE,,1,3.00
2024-02-14,GIB,,1,24.00
2024-02-25,ALB,,1,24.00
2024-02-17,KWT,,2,35.00
2024-02-18,KWT,,3,39.00
2024-03-07,CHE,,1,13.00
2024-03-06,FRA,,4,32.00
2024-03-06,SYC,,2,11.00
2024-03-06,LSO,,1,13.00
2024-03-07,SWE,,2,10.00
2024-02-18,,,1019,5274.00
2024-02-17,,,932,5562.00
2024-02-19,SOM,,1,1.00
2024-02-15,HKG,,202,3255.00
2024-02-13,THA,,23,276.00
2024-02-10,BMU,,8,101.00
2024-02-14,KOR,,36,550.00
2024-02-10,SWE,,3,55.00
2024-02-03,EGY,,3,3.00
2024-02-01,DNK,,21,298.00
2024-02-01,MMR,,1,12.00
2024-02-21,DMA,,2,12.00
2024-02-22,IRN,,9,97.00
2024-02-02,CMR,,5,41.00
2024-02-20,CYM,,10,163.00
2024-02-12,BRB,,3,32.00
2024-02-20,CMR,,1,9.00
2024-02-01,COM,,1,18.00
2024-02-23,IND,,7,85.00
2024-02-20,TZA,,8,120.00
2024-02-12,WLF,,1,11.00
2024-02-25,KHM,,2,27.00
2024-02-01,BEL,,2,35.00
2024-02-11,STP,,2,24.00
2024-02-20,PNG,,1,10.00
2024-02-10,DMA,,1,3.00
2024-02-01,KNA,,2,47.00
2024-02-22,NRU,,1,24.00
2024-02-23,NRU,,1,24.00
2024-02-25,SWE,,1,24.00
2024-02-19,LIE,,1,3.00
2024-03-01,PAK,,1,1.00
2024-03-03,GIB,,1,24.00
2024-02-19,CAF,,1,8.00
2024-02-12,PCN,,1,16.00
2024-02-02,ITA,,3,51.00
2024-02-25,JOR,,1,24.00
2024-03-02,PLW,,6,104.00
2024-03-01,SMR,,1,24.00
2024-03-07,BRA,,1,5.00
2024-03-07,CMR,,1,11.00
2024-03-07,TGO,,1,24.00
2024-03-08,PAK,,1,9.00
2024-03-08,SWE,,2,7.00
2024-03-08,TUV,,7,130.00
2024-02-06,LBR,,338,5100.00
2024-02-25,MYS,,100,1266.00
2024-02-22,KOR,,24,366.00
2024-02-07,JPN,,25,382.00
2024-02-09,FRA,,4,31.00
2024-02-15,KIR,,2,46.00
2024-02-10,THA,,18,245.00
2024-02-24,SLE,,9,140.00
2024-02-11,DJI,,1,6.00
2024-02-16,SLE,,8,91.00
2024-02-23,NIU,,6,87.00
2024-02-19,PHL,,8,114.00
2024-02-23,CYM,,11,157.00
2024-02-12,TZA,,6,45.00
2024-02-12,CMR,,4,34.00
2024-02-13,BRN,,1,4.00
2024-02-11,SMR,,1,24.00
2024-02-28,GNQ,,2,48.00
2024-02-26,JOR,,1,24.00
2024-02-19,DMA,,1,2.00
2024-02-02,LUX,,5,101.00
2024-02-11,GIB,,3,60.00
2024-03-05,KOR,,40,637.00
2024-03-05,MNG,,10,125.00
2024-03-02,KIR,,2,39.00
2024-03-01,MUS,,1,24.00
2024-02-13,ALB,,1,24.00
2024-02-19,IRQ,,1,4.00
2024-02-25,FJI,,2,22.00
2024-02-15,RUS,,1,24.00
2024-02-23,LSO,,1,12.00
2024-02-11,LSO,,1,5.00
2024-03-07,FJI,,3,14.00
2024-03-08,BEL,,3,45.00
2024-02-24,SGP,,294,4089.00
2024-02-22,BHS,,40,543.00
2024-02-04,TUR,,1,24.00
2024-02-17,ATG,,3,37.00
2024-02-12,IRN,,8,101.00
2024-02-03,CMR,,4,39.00
2024-02-08,BRN,,2,9.00
2024-02-16,MMR,,1,6.00
2024-02-06,SWE,,1,22.00
2024-02-12,TUR,,1,20.00
2024-02-03,PLW,,8,157.00
2024-02-12,SMR,,1,24.00
2024-02-26,MLT,,75,1217.00
2024-02-28,SGP,,280,3786.00
2024-02-26,NLD,,14,246.00
2024-02-27,SLE,,12,155.00
2024-02-26,SLE,,11,108.00
2024-02-29,IRN,,8,77.00
2024-02-26,FRA,,4,36.00
2024-02-28,ETH,,1,13.00
2024-02-28,GNB,,1,2.00
2024-02-28,MDV,,1,11.00
2024-02-11,GNB,,2,2.00
2024-02-17,MUS,,1,24.00
2024-02-06,NIU,,2,48.00
2024-02-15,VUT,,1,24.00
2024-03-04,PNG,,1,1.00
2024-03-04,BRN,,1,1.00
2024-03-05,KNA,,3,72.00
2024-03-04,GUY,,1,7.00
2024-03-01,JOR,,2,34.00
2024-02-21,RUS,,1,24.00
2024-02-04,JOR,,1,24.00
2024-03-01,LKA,,1,24.00
2024-03-06,PRT,,23,346.00
2024-03-08,COK,,9,122.00
2024-02-01,PSE,,1,20.00
2024-02-04,POL,,1,6.00
2024-02-22,CPV,,5,18.00
2024-02-25,NLD,,12,257.00
2024-02-13,CMR,,4,46.00
2024-02-24,MNG,,10,188.00
2024-02-24,ATG,,6,99.00
2024-02-20,NOR,,12,240.00
2024-02-09,GAB,,4,78.00
2024-02-02,TUR,,1,24.00
2024-02-25,CMR,,2,43.00
2024-02-22,COM,,1,12.00
2024-02-15,GAB,,4,77.00
2024-02-08,STP,,1,18.00
2024-02-04,BRN,,1,2.00
2024-02-24,ETH,,1,22.00
2024-02-09,MMR,,1,1.00
2024-02-26,VUT,,2,29.00
2024-02-17,LKA,,1,24.00
2024-02-04,KIR,,2,31.00
2024-03-05,ZAF,,1,11.00
2024-03-04,KWT,,3,27.00
2024-03-04,BRB,,3,69.00
2024-03-02,TZA,,6,87.00
2024-03-05,NIU,,5,52.00
2024-03-01,NPL,,1,15.00
2024-02-06,AUS,,10,111.00
2024-02-18,MNE,,1,24.00
2024-02-13,JOR,,1,24.00
2024-02-01,VUT,,1,22.00
2024-02-01,KWT,,3,48.00
2024-02-18,ALB,,1,24.00
2024-02-02,JOR,,1,24.00
2024-02-01,NZL,,3,32.00
2024-03-01,KIR,,1,24.00
2024-03-02,SMR,,1,24.00
2024-03-06,NPL,,1,12.00
2024-03-06,PAK,,1,2.00
2024-03-06,LUX,,4,73.00
2024-03-08,SGP,,322,4579.00
2024-02-07,FRO,,11,71.00
2024-02-17,ESP,,2,27.00
2024-02-07,ESP,,2,10.00
2024-02-12,GRC,,19,350.00
2024-02-21,JPN,,30,448.00
2024-02-01,BGD,,18,240.00
2024-02-24,GNB,,1,2.00
2024-02-09,GRC,,20,316.00
2024-02-10,DNK,,14,150.00
2024-02-11,SLE,,9,130.00
2024-02-11,SWE,,2,17.00
2024-02-04,SAU,,5,69.00
2024-02-16,STP,,1,1.00
2024-02-19,PNG,,1,19.00
2024-02-14,CMR,,3,28.00
2024-02-12,MDV,,1,2.00
2024-02-09,RUS,,1,7.00
2024-02-18,TUV,,12,153.00
2024-02-19,ETH,,1,18.00
2024-02-10,QAT,,1,20.00
2024-02-28,ARE,,1,2.00
2024-02-29,TGO,,3,30.00
2024-02-26,SOM,,1,1.00
2024-02-26,TUR,,1,21.00
2024-02-17,DEU,,2,25.00
2024-02-22,MUS,,1,23.00
2024-03-04,CYM,,6,110.00
2024-03-04,DJI,,1,10.00
2024-02-25,BRA,,1,6.00
2024-02-22,SMR,,1,24.00
2024-02-07,ALB,,1,24.00
2024-02-14,PCN,,1,8.00
2024-03-05,ERI,,1,24.00
2024-03-07,MYS,,89,976.00
2024-03-06,ERI,,1,24.00
2024-03-08,MNG,,13,164.00
2024-02-10,,,845,5597.00
2024-02-17,CYP,,32,445.00
2024-02-03,ESP,,1,18.00
2024-02-19,NLD,,13,238.00
2024-02-09,BGD,,11,210.00
2024-02-11,CYM,,11,142.00
2024-02-12,PNG,,1,20.00
2024-02-21,AUS,,7,61.00
2024-02-11,GUY,,1,17.00
2024-02-02,KWT,,4,35.00
2024-02-27,CMR,,2,32.00
2024-02-26,SAU,,3,29.00
2024-02-06,DMA,,1,5.00
2024-02-19,KNA,,3,53.00
2024-02-12,MNP,,1,24.00
2024-02-04,GIB,,2,47.00
2024-03-03,KWT,,2,32.00
2024-03-02,MDV,,1,12.00
2024-03-04,FRO,,11,72.00
2024-03-01,CHE,,1,24.00
2024-02-19,ALB,,1,23.00
2024-02-16,LSO,,1,5.00
2024-03-07,ATG,,4,82.00
2024-03-06,GUY,,1,15.00
2024-03-08,ATG,,7,45.00
2024-02-01,IDN,,5665,76811.00
2024-02-25,MDV,,1,4.00
2024-02-19,SGP,,307,4442.00
2024-02-14,KIR,,2,34.00
2024-02-01,ATG,,11,210.00
2024-02-17,THA,,21,292.00
2024-02-09,MAC,,1,1.00
2024-02-12,NLD,,16,260.00
2024-02-10,LVA,,1,10.00
2024-02-12,SYC,,1,4.00
2024-02-29,GBR,,28,352.00
2024-02-26,CYP,,36,549.00
2024-02-28,NPL,,1,11.00
2024-02-01,GNQ,,3,50.00
2024-02-24,MNP,,1,1.00
2024-02-06,PLW,,6,112.00
2024-02-23,VUT,,2,46.00
2024-03-05,USA,,7,78.00
2024-03-04,GRC,,35,512.00
2024-03-03,CMR,,5,51.00
2024-02-13,POL,,1,7.00
2024-02-11,JOR,,1,24.00
2024-02-02,LSO,,1,17.00
2024-03-04,SOM,,1,5.00
2024-03-07,BLZ,,25,444.00
2024-03-07,TWN,,16,199.00
2024-03-06,SLE,,11,149.00
2024-03-07,TZA,,6,64.00
2024-02-22,MDV,,1,10.00
2024-02-18,MDV,,1,10.00
2024-02-19,KOR,,31,480.00
2024-02-18,BEL,,4,52.00
2024-02-12,NZL,,1,1.00
2024-02-04,DNK,,21,230.00
2024-02-12,VNM,,65,1150.00
2024-02-14,TZA,,11,151.00
2024-02-07,TGO,,2,26.00
2024-02-16,PNG,,1,16.00
2024-02-14,AUS,,6,73.00
2024-02-09,COM,,1,6.00
2024-02-17,ITA,,2,13.00
2024-02-08,KAZ,,1,2.00
2024-02-06,KWT,,2,40.00
2024-02-03,FJI,,1,2.00
2024-02-22,PNG,,1,12.00
2024-02-21,PNG,,1,8.00
2024-02-28,KIR,,2,26.00
2024-02-17,GNQ,,2,48.00
2024-02-11,MUS,,1,24.00
2024-02-05,MUS,,2,25.00
2024-02-09,MUS,,1,24.00
2024-02-06,NRU,,1,24.00
2024-02-24,VUT,,2,42.00
2024-02-24,ERI,,1,24.00
2024-02-07,ERI,,1,24.00
2024-03-01,FRA,,4,48.00
2024-03-01,ITA,,2,31.00
2024-03-01,BLZ,,25,453.00
2024-03-05,SYC,,1,13.00
2024-02-04,BRA,,1,7.00
2024-02-12,JOR,,1,24.00
2024-02-07,LSO,,1,17.00
2024-02-17,LSO,,1,17.00
2024-02-21,JOR,,1,24.00
2024-03-07,GRC,,26,437.00
2024-03-03,TGO,,2,25.00
2024-03-05,TGO,,1,24.00
2024-03-07,ITA,,3,41.00
2024-03-06,CAN,,1,4.00
2024-03-07,MUS,,1,24.00
2024-02-18,HKG,,207,3222.00
2024-02-19,MLT,,75,1108.00
2024-02-20,SOM,,1,4.00
2024-02-11,HKG,,180,2744.00
2024-02-19,BMU,,5,58.00
2024-02-05,SGP,,337,4711.00
2024-02-08,ESP,,1,8.00
2024-02-09,ESP,,1,3.00
2024-02-18,AUS,,7,52.00
2024-02-11,MYS,,95,1185.00
2024-02-17,MYS,,86,1131.00
2024-02-04,BMU,,5,78.00
2024-02-25,IND,,5,64.00
2024-02-08,KWT,,3,20.00
2024-02-08,PLW,,7,127.00
2024-02-20,MNP,,1,11.00
2024-02-08,FJI,,1,19.00
2024-02-07,SMR,,1,24.00
2024-02-28,CMR,,3,13.00
2024-02-28,ATG,,7,106.00
2024-02-27,TZA,,7,68.00
2024-02-28,NIU,,4,71.00
2024-02-26,RUS,,1,15.00
2024-02-29,POL,,1,5.00
2024-02-09,DMA,,1,2.00
2024-02-14,SMR,,1,23.00
2024-02-29,QAT,,1,24.00
2024-02-09,EGY,,1,14.00
2024-02-17,KNA,,3,65.00
2024-03-03,MHL,,219,3452.00
2024-03-04,KOR,,39,563.00
2024-02-17,ERI,,2,38.00
2024-02-01,BRA,,1,9.00
2024-02-20,BRA,,1,11.00
2024-02-05,VUT,,1,24.00
2024-02-22,FJI,,1,10.00
2024-02-24,SMR,,1,24.00
2024-03-01,TUR,,1,22.00
2024-03-02,GIB,,1,24.00
2024-03-06,CPV,,9,102.00
2024-03-06,IRN,,10,132.00
2024-02-07,PRT,,18,247.00
2024-02-18,NPL,,1,1.00
2024-02-04,PNG,,1,23.00
2024-02-20,CHN,,148,2567.00
2024-02-10,BLZ,,31,493.00
2024-02-24,SAU,,4,54.00
2024-02-06,CYM,,10,178.00
2024-02-02,DEU,,3,39.00
2024-02-09,DJI,,1,23.00
2024-02-11,PLW,,9,138.00
2024-02-13,TGO,,1,16.00
2024-02-09,USA,,9,93.00
2024-02-23,BRN,,2,27.00
2024-02-15,DEU,,5,49.00
2024-02-02,ETH,,1,8.00
2024-02-19,MNE,,1,22.00
2024-02-28,BMU,,10,153.00
2024-02-28,SLE,,15,161.00
2024-02-29,CHE,,1,24.00
2024-02-26,CAF,,1,6.00
2024-02-29,KHM,,1,2.00
2024-02-22,GNQ,,2,48.00
2024-02-10,NPL,,1,2.00
2024-02-20,NRU,,1,24.00
2024-02-04,TGO,,1,8.00
2024-02-19,ITA,,1,15.00
2024-02-21,ERI,,1,24.00
2024-03-04,RUS,,1,16.00
2024-02-15,QAT,,1,19.00
2024-03-01,PHL,,12,179.00
2024-03-02,HND,,1,21.00
2024-03-05,DJI,,1,2.00
2024-03-05,MNP,,2,25.00
2024-03-05,MDV,,1,8.00
2024-02-23,BRA,,1,14.00
2024-02-09,LSO,,1,14.00
2024-03-06,MDV,,1,10.00
2024-03-06,GNQ,,2,48.00
2024-03-06,SWE,,1,5.00
2024-03-08,BRN,,1,8.00
2024-02-15,FRO,,12,95.00
2024-02-11,SGP,,307,4209.00
2024-02-18,PRT,,30,459.00
2024-02-21,FRO,,9,51.00
2024-02-22,SGP,,304,4514.00
2024-02-10,KOR,,34,439.00
2024-02-12,SGP,,303,4190.00
2024-02-10,ESP,,1,6.00
2024-02-21,CPV,,4,20.00
2024-02-14,TWN,,16,224.00
2024-02-19,TGO,,3,39.00
2024-02-13,STP,,2,6.00
2024-02-09,VCT,,4,65.00
2024-02-28,GBR,,26,365.00
2024-02-29,IDN,,5596,75202.00
2024-02-27,BGD,,15,162.00
2024-02-29,STP,,2,43.00
2024-02-29,FRA,,2,21.00
2024-02-10,GNB,,2,2.00
2024-02-12,MUS,,1,24.00
2024-02-13,NRU,,1,24.00
2024-02-11,NRU,,1,24.00
2024-02-23,USA,,6,86.00
2024-03-05,ITA,,2,45.00
2024-03-02,MUS,,1,24.00
2024-02-21,BRA,,1,13.00
2024-02-03,BRA,,1,12.00
2024-02-02,VUT,,1,23.00
2024-03-04,ALB,,1,8.00
2024-03-06,MNP,,1,7.00
2024-03-07,IRL,,1,12.00
2024-02-05,,,951,5775.00
2024-02-23,MDV,,1,12.00
2024-02-13,MHL,,239,3744.00
2024-02-14,CYP,,27,413.00
2024-02-22,HKG,,189,3044.00
2024-02-05,TUR,,1,10.00
2024-02-11,PNG,,1,23.00
2024-02-01,IRN,,9,102.00
2024-02-01,DMA,,2,5.00
2024-02-04,PHL,,11,182.00
2024-02-09,PLW,,7,121.00
2024-02-22,SWE,,1,20.00
2024-02-16,TGO,,2,25.00
2024-02-27,ALB,,2,26.00
2024-02-26,ESP,,1,19.00
2024-02-05,GNQ,,2,48.00
2024-02-11,KIR,,1,23.00
2024-02-20,TUR,,1,12.00
2024-03-02,TGO,,3,46.00
2024-03-04,HRV,,1,5.00
2024-03-02,FJI,,3,18.00
2024-02-19,LSO,,1,3.00
2024-03-06,,,1102,6503.00
2024-03-01,QAT,,1,24.00
2024-03-03,VCT,,2,48.00
2024-03-06,RUS,,1,3.00
2024-03-08,ERI,,1,24.00
2024-03-08,FRO,,10,73.00
2024-02-13,,,896,5190.00
2024-02-08,CYP,,32,474.00
2024-02-06,PNG,,1,19.00
2024-02-13,VNM,,71,1229.00
2024-02-12,EGY,,1,15.00
2024-02-15,SLE,,9,100.00
2024-02-01,BES,,1,19.00
2024-02-16,BRB,,3,61.00
2024-02-06,MUS,,2,40.00
2024-02-23,STP,,1,11.00
2024-02-17,ZAF,,1,14.00
2024-02-09,TUV,,9,132.00
2024-02-17,CYM,,6,118.00
2024-02-27,ESP,,1,11.00
2024-02-29,MYS,,99,1206.00
2024-02-02,NRU,,1,24.00
2024-02-13,RUS,,1,24.00
2024-02-24,GIB,,1,22.00
2024-02-19,TUR,,1,24.00
2024-02-19,KIR,,2,32.00
2024-03-05,BRB,,5,55.00
2024-03-03,BEL,,4,71.00
2024-02-19,BRA,,1,19.00
2024-02-02,BRA,,1,11.00
2024-02-09,JOR,,1,24.00
2024-03-06,IDN,,5741,79877.00
2024-03-07,MNG,,14,138.00
2024-03-07,ERI,,1,23.00
2024-03-06,ALB,,1,7.00
2024-02-08,,,796,5476.00
2024-02-19,HKG,,190,2901.00
2024-02-02,MYS,,99,1317.00
2024-02-15,BEL,,4,36.00
2024-02-25,NPL,,1,17.00
2024-02-10,PNG,,1,22.00
2024-02-09,TWN,,12,149.00
2024-02-25,THA,,15,242.00
2024-02-17,TUV,,12,174.00
2024-02-18,PNG,,1,16.00
2024-02-15,CMR,,2,22.00
2024-02-14,PAK,,1,24.00
2024-02-20,TGO,,2,48.00
2024-02-11,TUV,,7,102.00
2024-02-18,ZAF,,1,24.00
2024-02-27,GRC,,25,355.00
2024-02-29,ITA,,2,31.00
2024-02-29,CMR,,1,24.00
2024-02-28,PNG,,2,14.00
2024-02-29,GAB,,3,72.00
2024-02-17,NRU,,1,24.00
2024-02-27,QAT,,1,24.00
2024-03-02,MHL,,237,3838.00
2024-03-04,,,1184,6857.00
2024-03-03,ATG,,8,79.00
2024-02-18,VUT,,2,48.00
2024-03-02,LKA,,1,22.00
2024-03-04,NPL,,1,14.00
2024-02-17,MNE,,1,24.00
2024-02-20,VUT,,1,22.00
2024-02-08,EGY,,1,24.00
2024-03-01,BRA,,1,12.00
2024-03-06,VCT,,2,48.00
2024-03-08,DEU,,4,55.00
2024-02-07,BEL,,4,18.00
2024-02-19,GRC,,23,354.00
2024-02-04,AUS,,11,145.00
2024-02-20,BLZ,,29,508.00
2024-02-15,BLZ,,25,495.00
2024-02-21,PRT,,21,302.00
2024-02-21,KIR,,2,44.00
2024-02-01,DEU,,6,81.00
2024-02-25,ESP,,1,14.00
2024-02-09,ITA,,3,53.00
2024-02-07,COM,,1,16.00
2024-02-10,MDA,,1,2.00
2024-02-04,NRU,,1,24.00
2024-03-02,CYP,,32,434.00
2024-02-17,QAT,,1,23.00
2024-02-17,ALB,,1,24.00
2024-02-15,JOR,,1,24.00
2024-03-07,NPL,,1,10.00
2024-02-06,SGP,,326,4256.00
2024-02-21,HKG,,197,3241.00
2024-02-02,USA,,6,76.00
2024-02-04,KOR,,37,523.00
2024-02-19,MYS,,84,1073.00
2024-02-01,TWN,,6,62.00
2024-02-13,DEU,,6,80.00
2024-02-19,DEU,,5,88.00
2024-02-21,KWT,,4,56.00
2024-02-14,VCT,,1,2.00
2024-02-09,GUY,,1,10.00
2024-02-09,SMR,,1,24.00
2024-02-27,CYP,,35,585.00
2024-02-29,ETH,,1,5.00
2024-02-29,ERI,,1,24.00
2024-02-28,TUR,,1,24.00
2024-03-02,NOR,,17,329.00
2024-03-05,COK,,6,95.00
2024-03-05,EGY,,1,17.00
2024-02-06,VUT,,1,24.00
2024-02-21,ALB,,1,24.00
2024-02-20,LSO,,1,8.00
2024-02-08,LSO,,1,17.00
2024-02-12,HRV,,1,16.00
2024-02-07,TUV,,16,189.00
2024-02-13,HRV,,1,24.00
2024-02-19,JPN,,32,505.00
2024-02-03,NZL,,2,25.00
2024-02-12,SLE,,13,173.00
2024-02-22,TZA,,10,98.00
2024-02-12,PHL,,3,53.00
2024-02-02,BMU,,6,125.00
2024-02-25,BES,,1,24.00
2024-02-24,CMR,,3,37.00
2024-02-02,BRN,,1,8.00
2024-02-21,BRN,,1,13.00
2024-02-03,ETH,,1,19.00
2024-02-28,DNK,,11,152.00
2024-02-29,BGD,,11,150.00
2024-02-28,FJI,,3,40.00
2024-02-29,PAK,,2,6.00
2024-02-10,ARG,,1,1.00
2024-02-10,CRI,,1,1.00
2024-02-04,DJI,,2,3.00
2024-02-22,KNA,,2,48.00
2024-03-01,GUY,,1,24.00
2024-02-18,QAT,,1,24.00
2024-03-04,ERI,,1,23.00
2024-03-07,DJI,,1,5.00
2024-02-24,IDN,,5766,80079.00
2024-02-04,PAN,,475,7539.00
2024-02-23,NPL,,1,11.00
2024-02-06,BHS,,37,583.00
2024-02-17,JPN,,31,544.00
2024-02-05,CMR,,3,20.00
2024-02-17,CMR,,1,2.00
2024-02-24,ITA,,2,28.00
2024-02-20,IRN,,10,173.00
2024-02-10,NLD,,14,271.00
2024-02-13,NIU,,4,52.00
2024-02-07,USA,,7,74.00
2024-02-04,BEL,,4,72.00
2024-02-11,USA,,6,89.00
2024-02-02,EGY,,2,35.00
2024-02-13,DJI,,1,24.00
2024-02-26,KIR,,1,24.00
2024-02-29,BES,,1,24.00
2024-02-28,LSO,,1,14.00
2024-02-12,DMA,,3,4.00
2024-02-11,EGY,,1,16.00
2024-02-10,GNQ,,2,48.00
2024-02-04,MDA,,1,3.00
2024-02-08,MUS,,1,24.00
2024-02-12,NRU,,1,24.00
2024-03-02,VNM,,81,1239.00
2024-03-05,GUY,,1,1.00
2024-02-22,ALB,,1,24.00
2024-02-03,LSO,,1,16.00
2024-02-15,,,877,5345.00
2024-02-09,,,766,5388.00
2024-02-21,,,1061,6518.00
2024-02-20,IDN,,5718,79217.00
2024-02-04,,,979,6366.00
2024-02-02,ATG,,10,135.00
2024-02-09,IDN,,5728,79723.00
2024-02-03,IDN,,5911,82113.00
2024-02-23,IDN,,5774,80146.00
2024-02-05,FRO,,11,77.00
2024-02-23,,,1060,6033.00
2024-02-02,IDN,,5654,76492.00
2024-02-21,SGP,,301,4186.00
2024-02-02,PAN,,449,7039.00
2024-02-25,IDN,,5480,76781.00
2024-02-16,FRO,,10,61.00
2024-02-13,CYP,,31,501.00
2024-02-19,PAN,,473,7919.00
2024-02-09,SGP,,338,4383.00
2024-02-22,FRO,,9,49.00
2024-02-11,JPN,,34,487.00
2024-02-20,LBR,,333,5192.00
2024-02-03,CHN,,109,1748.00
2024-02-16,DNK,,17,217.00
2024-02-22,LBR,,308,4854.00
2024-02-12,LBR,,322,4833.00
2024-02-05,PAN,,475,7412.00
2024-02-20,SGP,,304,4296.00
2024-02-08,FRA,,3,54.00
2024-02-20,CYP,,36,523.00
2024-02-01,HKG,,220,3185.00
2024-02-22,PHL,,9,146.00
2024-02-02,CYP,,36,417.00
2024-02-05,LBR,,352,5526.00
2024-02-16,SGP,,322,4499.00
2024-02-14,MHL,,233,3726.00
2024-02-03,VNM,,69,1004.00
2024-02-05,MHL,,245,3898.00
2024-02-14,MLT,,54,876.00
2024-02-15,SGP,,329,4662.00
2024-02-11,DEU,,8,83.00
2024-02-11,LBR,,312,4851.00
2024-02-18,JPN,,32,495.00
2024-02-07,KOR,,38,514.00
2024-02-24,COM,,1,12.00
2024-02-22,MHL,,240,3881.00
2024-02-07,HKG,,185,2798.00
2024-02-20,MLT,,61,1064.00
2024-02-15,PRT,,22,325.00
2024-02-21,CHN,,156,2788.00
2024-02-14,HKG,,197,2967.00
2024-02-13,PAN,,445,7369.00
2024-02-08,IND,,10,129.00
2024-02-16,HKG,,223,3349.00
2024-02-09,PAN,,463,7406.00
2024-02-06,TGO,,2,33.00
2024-02-10,MNG,,19,219.00
2024-02-16,BHS,,40,648.00
2024-02-12,MYS,,97,1218.00
2024-02-02,TUV,,12,162.00
2024-02-10,VCT,,4,55.00
2024-02-13,SGP,,303,4467.00
2024-02-14,GBR,,15,252.00
2024-02-23,MHL,,241,3932.00
2024-02-03,DJI,,2,10.00
2024-02-04,SGP,,321,4810.00
2024-02-16,MYS,,90,1063.00
2024-02-08,PAN,,466,7614.00
2024-02-10,PAN,,479,7004.00
2024-02-25,AUS,,7,106.00
2024-02-21,THA,,28,393.00
2024-02-14,BGD,,11,189.00
2024-02-23,BHS,,40,570.00
2024-02-16,BMU,,5,77.00
2024-02-11,CHN,,114,1933.00
2024-02-16,CYP,,27,389.00
2024-02-21,CYP,,35,599.00
2024-02-22,DEU,,8,86.00
2024-02-12,DNK,,21,268.00
2024-02-12,GAB,,5,97.00
2024-02-24,HKG,,192,3174.00
2024-02-04,HKG,,194,3073.00
2024-02-24,IRN,,11,89.00
2024-02-09,JPN,,23,270.00
2024-02-11,KNA,,2,35.00
2024-02-07,MHL,,247,3941.00
2024-02-23,MLT,,68,1136.00
2024-02-04,MLT,,65,983.00
2024-02-20,MYS,,85,1170.00
2024-02-08,NOR,,9,104.00
2024-02-13,PAK,,1,21.00
2024-02-18,PAN,,467,7789.00
2024-02-22,TUV,,12,198.00
2024-02-13,TWN,,14,187.00
2024-02-24,VNM,,66,886.00
2024-02-19,VNM,,58,958.00
2024-02-10,LKA,,3,30.00
2024-02-17,USA,,6,72.00
2024-02-10,BRN,,2,10.00
2024-02-14,BHS,,43,621.00
2024-02-25,MNP,,1,14.00
2024-02-08,LBR,,326,5024.00
2024-02-18,CHN,,142,2440.00
2024-02-23,HRV,,2,15.00
2024-02-22,CYP,,33,523.00
2024-02-01,JPN,,30,485.00
2024-02-21,NOR,,12,170.00
2024-02-06,USA,,7,65.00
2024-02-17,NOR,,19,285.00
2024-02-25,MLT,,70,1000.00
2024-02-05,GBR,,28,352.00
2024-02-23,THA,,20,269.00
2024-02-12,BMU,,5,90.00
2024-02-07,ATG,,14,152.00
2024-02-14,DEU,,6,71.00
2024-02-23,MYS,,108,1403.00
2024-02-24,USA,,11,134.00
2024-02-05,PHL,,11,176.00
2024-02-11,MNG,,6,120.00
2024-02-25,QAT,,1,24.00
2024-02-27,PAN,,458,6892.00
2024-02-29,USA,,13,148.00
2024-02-27,HKG,,166,2438.00
2024-02-26,MYS,,104,1359.00
2024-02-28,LBR,,298,4621.00
2024-02-26,PHL,,9,161.00
2024-02-26,LBR,,271,4143.00
2024-02-27,BHS,,46,707.00
2024-02-26,VNM,,61,817.00
2024-02-28,STP,,2,24.00
2024-02-27,MYS,,96,1237.00
2024-02-28,CHN,,133,2187.00
2024-02-29,NLD,,12,246.00
2024-02-29,VNM,,61,848.00
2024-02-26,CHN,,131,2054.00
2024-02-27,,,1033,6374.00
2024-02-27,VNM,,66,920.00
2024-02-28,DEU,,3,66.00
2024-02-28,DMA,,2,3.00
2024-02-07,BHS,,38,567.00
2024-02-20,BRB,,4,60.00
2024-02-15,IRN,,8,158.00
2024-02-12,LUX,,5,120.00
2024-02-18,MLT,,67,1026.00
2024-02-22,MNG,,17,226.00
2024-02-05,MYS,,102,1182.00
2024-02-16,NLD,,15,250.00
2024-02-23,PHL,,12,192.00
2024-02-14,PLW,,5,105.00
2024-02-22,SAU,,4,22.00
2024-02-09,THA,,17,226.00
2024-02-24,TZA,,9,104.00
2024-02-01,VNM,,63,1005.00
2024-02-18,WLF,,1,2.00
2024-02-29,KOR,,30,514.00
2024-02-27,BLZ,,28,482.00
2024-02-08,KNA,,4,59.00
2024-02-04,VNM,,70,1023.00
2024-02-18,GBR,,28,474.00
2024-02-18,VNM,,64,979.00
2024-02-18,NOR,,14,199.00
2024-02-23,SLE,,10,155.00
2024-02-02,MLT,,63,929.00
2024-02-15,ERI,,2,39.00
2024-02-18,ERI,,2,25.00
2024-02-06,ERI,,1,24.00
2024-03-03,HKG,,188,2985.00
2024-03-05,GRC,,37,575.00
2024-03-02,JPN,,36,629.00
2024-03-02,USA,,8,82.00
2024-03-02,PAN,,427,6474.00
2024-03-03,BHS,,37,610.00
2024-03-04,BHS,,36,609.00
2024-03-05,IDN,,5631,77299.00
2024-03-04,HKG,,183,3011.00
2024-02-04,NLD,,13,221.00
2024-02-20,GAB,,6,58.00
2024-02-16,VNM,,66,1084.00
2024-02-25,VNM,,62,860.00
2024-03-01,MHL,,223,3536.00
2024-03-01,VNM,,68,1107.00
2024-03-03,VNM,,86,1413.00
2024-03-02,MLT,,67,919.00
2024-03-01,,,1156,6994.00
2024-03-01,STP,,1,4.00
2024-03-02,SGP,,341,4213.00
2024-03-02,PHL,,9,153.00
2024-03-01,SGP,,325,4080.00
2024-03-02,ATG,,7,75.00
2024-03-01,SLE,,13,141.00
2024-03-04,SGP,,340,4352.00
2024-03-03,,,1103,6342.00
2024-03-03,KOR,,34,480.00
2024-03-04,TWN,,16,228.00
2024-03-05,LUX,,3,72.00
2024-03-05,BHS,,42,630.00
2024-02-11,BRA,,1,2.00
2024-02-06,BLZ,,26,459.00
2024-02-24,BHS,,36,560.00
2024-02-05,THA,,23,352.00
2024-02-17,BLZ,,25,461.00
2024-02-19,GBR,,28,393.00
2024-02-17,BHS,,39,575.00
2024-02-13,LUX,,5,100.00
2024-02-22,NOR,,14,209.00
2024-02-11,ALB,,1,9.00
2024-02-16,USA,,4,60.00
2024-03-01,JPN,,33,595.00
2024-03-02,MYS,,84,1072.00
2024-03-01,AUS,,7,100.00
2024-03-07,,,1083,6286.00
2024-03-07,IDN,,5770,82053.00
2024-03-07,BMU,,11,183.00
2024-03-06,JPN,,27,372.00
2024-03-07,CYM,,6,82.00
2024-03-06,SGP,,348,4405.00
2024-03-07,MHL,,233,3387.00
2024-03-06,MNG,,9,100.00
2024-03-06,CYP,,34,510.00
2024-03-07,GBR,,29,380.00
2024-03-08,AUS,,10,137.00
2024-03-08,FJI,,1,2.00
2024-03-08,HKG,,191,3098.00
2024-03-08,LBR,,312,4896.00
2024-03-08,THA,,21,322.00
2024-03-08,VNM,,79,1422.00
2024-03-08,ZAF,,1,24.00
2024-02-06,GBR,,30,390.00
2024-02-19,CYM,,9,158.00
2024-02-22,AUS,,5,64.00
2024-02-24,PRT,,21,290.00
2024-02-21,BMU,,4,66.00
2024-02-07,TWN,,12,212.00
2024-02-17,TZA,,8,69.00
2024-02-21,VNM,,66,1003.00
2024-02-06,TZA,,6,80.00
2024-02-04,USA,,7,103.00
2024-02-16,TWN,,17,233.00
2024-02-25,CYP,,38,468.00
2024-02-02,PHL,,11,196.00
2024-02-15,MYS,,85,1048.00
2024-02-16,PHL,,8,66.00
2024-02-12,SWE,,3,18.00
2024-02-05,LUX,,4,75.00
2024-02-16,AUS,,8,67.00
2024-02-07,VNM,,66,922.00
2024-02-19,ATG,,3,50.00
2024-02-10,ATG,,7,88.00
2024-02-08,BGD,,13,258.00
2024-02-10,BGD,,11,214.00
2024-02-05,DEU,,4,52.00
2024-02-18,DNK,,21,304.00
2024-02-10,GBR,,34,472.00
2024-02-17,IND,,6,79.00
2024-02-03,JPN,,30,491.00
2024-02-20,KOR,,32,414.00
2024-02-18,KOR,,32,379.00
2024-02-02,NOR,,17,267.00
2024-02-09,TGO,,2,6.00
2024-02-22,ATG,,6,91.00
2024-02-11,BRN,,1,4.00
2024-02-06,SLE,,12,169.00
2024-02-11,GRC,,22,323.00
2024-02-11,NOR,,15,188.00
2024-02-23,JPN,,31,424.00
2024-02-28,MYS,,94,1160.00
2024-02-27,PRT,,20,298.00
2024-02-28,THA,,17,226.00
2024-02-26,BLZ,,26,516.00
2024-02-27,DEU,,3,42.00
2024-02-28,PHL,,11,203.00
2024-02-26,THA,,15,200.00
2024-02-27,GNQ,,2,42.00
2024-02-27,LSO,,1,17.00
2024-02-27,TUR,,1,24.00
2024-02-11,ARG,,1,1.00
2024-02-22,ITA,,4,58.00
2024-02-15,MNG,,7,70.00
2024-02-01,NLD,,12,216.00
2024-02-18,NRU,,1,24.00
2024-02-14,USA,,4,56.00
2024-02-08,VNM,,67,1017.00
2024-02-05,ERI,,1,20.00
2024-03-02,BGD,,14,176.00
2024-02-12,BLZ,,27,489.00
2024-02-22,TGO,,2,43.00
2024-02-16,BLZ,,27,493.00
2024-03-04,BRA,,1,16.00
2024-03-03,MNP,,1,13.00
2024-03-03,PHL,,8,99.00
2024-03-01,THA,,16,218.00
2024-03-05,NLD,,6,110.00
2024-03-05,SLE,,12,136.00
2024-03-02,TUV,,12,155.00
2024-03-04,ITA,,2,25.00
2024-03-03,MDV,,1,8.00
2024-03-01,POL,,1,12.00
2024-02-03,GBR,,38,540.00
2024-02-12,AUS,,7,92.00
2024-02-24,BLZ,,30,542.00
2024-02-11,AUS,,8,115.00
2024-02-01,ITA,,3,36.00
2024-02-14,BRB,,4,67.00
2024-02-23,SMR,,1,24.00
2024-02-12,LSO,,1,4.00
2024-03-02,ALB,,1,13.00
2024-03-07,KWT,,2,33.00
2024-03-07,NOR,,14,198.00
2024-03-06,TGO,,2,35.00
2024-03-06,BEL,,4,75.00
2024-03-08,NLD,,10,171.00
2024-03-08,PHL,,10,150.00
2024-03-08,TWN,,13,151.00
2024-02-22,NPL,,1,19.00
2024-02-18,GRC,,25,356.00
2024-02-01,TUV,,12,161.00
2024-02-13,BLZ,,26,507.00
2024-02-15,TZA,,7,79.00
2024-02-07,GRC,,30,471.00
2024-02-07,PLW,,8,133.00
2024-02-03,THA,,21,255.00
2024-02-23,TZA,,6,75.00
2024-02-09,DNK,,17,213.00
2024-02-19,FRA,,4,32.00
2024-02-23,PLW,,8,139.00
2024-02-15,TWN,,18,234.00
2024-02-24,KWT,,4,35.00
2024-02-20,KNA,,3,69.00
2024-02-27,GAB,,4,70.00
2024-02-27,ATG,,8,108.00
2024-02-28,BRA,,2,26.00
2024-02-28,GIB,,2,42.00
2024-02-26,CPV,,4,25.00
2024-02-27,FRO,,13,108.00
2024-02-28,CYP,,32,517.00
2024-02-29,KIR,,1,24.00
2024-02-04,GNQ,,2,48.00
2024-02-02,GNQ,,2,48.00
2024-02-05,KNA,,2,48.00
2024-02-23,LUX,,4,96.00
2024-02-22,LUX,,4,96.00
2024-02-08,MNG,,11,120.00
2024-02-12,NIU,,4,55.00
2024-02-20,NLD,,12,263.00
2024-02-18,NLD,,14,227.00
2024-02-04,PLW,,8,137.00
2024-02-14,PRT,,18,253.00
2024-02-25,VUT,,2,27.00
2024-02-04,MNG,,11,97.00
2024-02-11,LUX,,6,121.00
2024-02-13,VUT,,1,24.00
2024-02-14,LKA,,1,24.00
2024-02-21,DNK,,18,280.00
2024-03-01,KOR,,27,403.00
2024-03-02,IND,,6,46.00
2024-02-01,CYM,,7,141.00
2024-03-04,CMR,,4,43.00
2024-03-02,CYM,,5,69.00
2024-03-05,GNB,,1,1.00
2024-03-05,CAN,,1,8.00
2024-03-03,FRO,,10,77.00
2024-02-01,GIB,,2,48.00
2024-02-09,GBR,,30,477.00
2024-02-06,DEU,,3,41.00
2024-02-12,ALB,,1,18.00
2024-02-05,COK,,6,70.00
2024-03-01,LSO,,1,6.00
2024-03-07,BHS,,35,540.00
2024-03-07,SAU,,5,60.00
2024-03-07,CYP,,32,496.00
2024-03-06,USA,,6,87.00
2024-03-06,ETH,,1,17.00
2024-03-06,FJI,,3,27.00
2024-03-08,BGD,,11,151.00
2024-03-08,VCT,,3,71.00
2024-02-14,CHN,,136,2240.00
2024-02-17,PRT,,29,393.00
2024-02-01,PAN,,418,6596.00
2024-02-13,FRO,,12,94.00
2024-02-04,GBR,,32,460.00
2024-02-07,DNK,,13,163.00
2024-02-10,IRN,,14,152.00
2024-02-04,CMR,,4,61.00
2024-02-24,FRA,,5,77.00
2024-02-10,KNA,,4,43.00
2024-02-13,AUS,,5,77.00
2024-02-04,ATG,,12,196.00
2024-02-06,ATG,,9,134.00
2024-02-10,BEL,,4,67.00
2024-02-03,BGD,,15,244.00
2024-02-07,CYM,,11,181.00
2024-02-12,KNA,,3,67.00
2024-02-24,STP,,2,6.00
2024-02-04,TWN,,9,132.00
2024-02-02,MUS,,2,35.00
2024-02-24,DEU,,7,110.00
2024-02-07,MNG,,7,112.00
2024-02-26,SWE,,1,24.00
2024-02-27,BRB,,3,44.00
2024-02-14,GNQ,,2,48.00
2024-02-09,IND,,9,133.00
2024-02-05,MNG,,13,112.00
2024-02-23,MUS,,1,24.00
2024-02-19,MUS,,1,24.00
2024-02-19,NIU,,3,62.00
2024-02-25,NRU,,1,11.00
2024-02-03,NRU,,1,24.00
2024-02-25,SAU,,6,71.00
2024-02-25,SLE,,12,147.00
2024-02-10,SLV,,1,3.00
2024-02-11,THA,,21,257.00
2024-02-05,USA,,5,65.00
2024-02-12,KIR,,2,27.00
2024-03-05,MHL,,224,3321.00
2024-03-05,IRN,,7,83.00
2024-03-02,BMU,,7,84.00
2024-03-05,VNM,,82,1376.00
2024-02-18,SLE,,8,119.00
2024-02-13,GAB,,5,82.00
2024-02-16,TUV,,10,152.00
2024-02-18,CYM,,9,122.00
2024-03-03,BGD,,10,178.00
2024-03-01,IRN,,8,108.00
2024-03-04,TUR,,3,30.00
2024-03-04,SLE,,9,121.00
2024-03-01,SOM,,1,1.00
2024-03-05,TWN,,19,282.00
2024-03-02,NLD,,10,186.00
2024-02-16,NZL,,3,4.00
2024-02-02,CPV,,8,59.00
2024-02-04,NZL,,2,26.00
2024-02-18,NZL,,1,3.00
2024-02-07,GAB,,2,48.00
2024-02-24,AUS,,7,94.00
2024-02-18,USA,,4,58.00
2024-02-10,ALB,,1,12.00
2024-03-02,TUR,,3,57.00
2024-03-08,KWT,,3,56.00
2024-03-08,PRT,,19,232.00
2024-02-21,GBR,,32,460.00
2024-02-23,SGP,,304,4297.00
2024-02-21,KOR,,24,304.00
2024-02-01,CPV,,7,63.00
2024-02-13,BRB,,4,42.00
2024-02-11,FRA,,5,84.00
2024-02-08,PRT,,17,230.00
2024-02-06,IND,,9,120.00
2024-02-09,IRN,,14,134.00
2024-02-05,IRN,,13,132.00
2024-02-14,EGY,,1,2.00
2024-02-05,EGY,,2,42.00
2024-02-24,TUV,,11,192.00
2024-02-19,KWT,,3,36.00
2024-02-15,PHL,,4,47.00
2024-02-06,PRT,,17,275.00
2024-02-05,BRN,,1,9.00
2024-02-12,VCT,,2,42.00
2024-02-08,RUS,,1,1.00
2024-02-10,TUV,,7,85.00
2024-02-28,SAU,,20,98.00
2024-02-27,AUS,,7,95.00
2024-02-28,PLW,,7,97.00
2024-02-28,LBY,,1,2.00
2024-02-27,PNG,,2,22.00
2024-02-29,VCT,,1,2.00
2024-02-06,BES,,3,42.00
2024-02-22,BRB,,7,76.00
2024-02-25,DEU,,8,66.00
2024-02-17,LBY,,1,3.00
2024-02-04,LUX,,3,72.00
2024-02-19,MNG,,6,58.00
2024-02-24,MUS,,1,22.00
2024-02-27,PHL,,12,203.00
2024-02-28,TUV,,8,158.00
2024-02-09,GIB,,2,27.00
2024-03-05,DEU,,4,52.00
2024-02-13,COK,,3,70.00
2024-03-03,TZA,,6,77.00
2024-03-01,MDV,,1,14.00
2024-02-02,AUS,,16,150.00
2024-03-07,DNK,,12,106.00
2024-03-07,MDA,,1,6.00
2024-03-08,CPV,,9,57.00
2024-03-08,GAB,,4,89.00
2024-03-08,MDV,,1,7.00
2024-02-25,HKG,,180,2844.00
2024-02-06,HKG,,188,2920.00
2024-02-04,SOM,,1,2.00
2024-02-05,BHS,,37,560.00
2024-02-01,IND,,4,53.00
2024-02-16,IRN,,7,98.00
2024-02-10,CMR,,3,27.00
2024-02-10,TUN,,1,2.00
2024-02-09,LKA,,1,8.00
2024-02-03,TUR,,1,20.00
2024-02-22,FRA,,5,39.00
2024-02-20,PHL,,10,169.00
2024-02-07,VCT,,4,65.00
2024-02-21,PHL,,11,152.00
2024-02-04,IND,,9,89.00
2024-02-26,KHM,,3,13.00
2024-02-26,DNK,,13,118.00
2024-02-29,TUV,,7,137.00
2024-02-29,MDV,,1,6.00
2024-02-28,TWN,,11,159.00
2024-02-23,MNG,,13,180.00
2024-02-13,MNP,,1,24.00
2024-02-15,MUS,,1,24.00
2024-02-10,SAU,,6,72.00
2024-02-26,COK,,3,57.00
2024-02-25,COK,,3,55.00
2024-02-06,ITA,,2,45.00
2024-02-04,ERI,,1,20.00
2024-03-01,USA,,8,112.00
2024-03-03,GBR,,29,378.00
2024-03-05,RUS,,1,24.00
2024-03-01,TZA,,4,65.00
2024-02-12,GIB,,3,41.00
2024-02-23,NZL,,1,2.00
2024-02-24,BEL,,4,60.00
2024-02-04,VUT,,1,24.00
2024-02-14,ALB,,1,24.00
2024-02-19,USA,,7,79.00
2024-02-07,COK,,2,26.00
2024-03-06,SMR,,1,18.00
2024-03-07,VCT,,3,70.00
2024-02-13,BEL,,3,23.00
2024-02-01,PNG,,1,24.00
2024-02-14,BEL,,2,48.00
2024-02-06,ZAF,,1,1.00
2024-02-09,SAU,,8,81.00
2024-02-01,CMR,,2,23.00
2024-02-15,COK,,4,69.00
2024-02-24,BRB,,7,70.00
2024-02-20,FRA,,5,76.00
2024-02-17,GAB,,5,92.00
2024-02-18,KNA,,3,50.00
2024-02-11,SYC,,1,9.00
2024-02-12,USA,,5,73.00
2024-02-18,KIR,,3,50.00
2024-02-29,TUR,,2,33.00
2024-02-28,MNG,,12,174.00
2024-02-29,NIU,,7,84.00
2024-02-28,LUX,,5,106.00
2024-02-29,LUX,,5,111.00
2024-02-15,GNQ,,2,48.00
2024-02-11,KEN,,1,1.00
2024-02-09,LUX,,3,57.00
2024-02-16,MUS,,1,24.00
2024-02-25,NIU,,2,25.00
2024-02-05,PLW,,7,117.00
2024-02-01,KIR,,2,27.00
2024-02-20,LKA,,1,24.00
2024-02-22,ERI,,1,24.00
2024-03-03,DNK,,12,152.00
2024-03-04,ETH,,1,22.00
2024-03-01,MMR,,1,2.00
2024-03-04,MNG,,10,109.00
2024-03-01,FJI,,2,33.00
2024-03-04,MUS,,1,24.00
2024-02-04,TUV,,11,160.00
2024-02-25,TUV,,10,189.00
2024-02-01,LSO,,1,8.00
2024-03-07,NLD,,9,158.00
2024-03-06,CMR,,1,7.00
2024-03-08,FRA,,6,58.00
2024-03-08,NPL,,1,9.00
2024-03-08,TZA,,6,40.00
2024-02-16,MDV,,1,14.00
2024-02-16,PAN,,459,7789.00
2024-02-11,KOR,,31,460.00
2024-02-19,CPV,,5,20.00
2024-02-09,CHN,,116,1725.00
2024-02-12,RUS,,2,45.00
2024-02-14,BMU,,3,43.00
2024-02-01,GAB,,4,50.00
2024-02-24,BMU,,4,63.00
2024-02-19,EGY,,1,5.00
2024-02-15,ATG,,6,75.00
2024-02-19,CMR,,1,11.00
2024-02-12,ITA,,3,49.00
2024-02-03,KWT,,4,57.00
2024-02-11,SWZ,,1,17.00
2024-02-10,GIB,,3,45.00
2024-02-03,TWN,,11,149.00
2024-02-27,DNK,,16,155.00
2024-02-27,VUT,,3,58.00
2024-02-27,NIU,,5,57.00
2024-02-28,COK,,3,56.00
2024-02-10,KEN,,1,1.00
2024-02-13,TUV,,6,115.00
2024-02-11,TZA,,5,52.00
2024-02-02,KHM,,2,7.00
2024-03-02,GRC,,35,525.00
2024-03-04,IRN,,6,77.00
2024-02-20,HRV,,1,23.00
2024-02-17,BRB,,3,63.00
2024-02-25,LKA,,1,24.00
2024-03-05,IND,,9,83.00
2024-03-02,LBY,,1,2.00
2024-02-17,HRV,,1,23.00
2024-02-21,VUT,,1,24.00
2024-03-06,BLZ,,24,448.00
2024-03-06,KWT,,2,8.00
2024-02-09,CYP,,35,501.00
2024-02-24,TUR,,1,7.00
2024-02-15,POL,,1,6.00
2024-02-21,BRB,,4,27.00
2024-02-07,DEU,,4,28.00
2024-02-01,DJI,,1,12.00
2024-02-10,GUY,,1,3.00
2024-02-11,POL,,1,6.00
2024-02-21,TGO,,2,47.00
2024-02-06,RUS,,1,8.00
2024-02-22,BEL,,4,68.00
2024-02-02,BRB,,2,14.00
2024-02-25,CAF,,1,2.00
2024-02-03,ATG,,10,184.00
2024-02-18,ESP,,1,24.00
2024-02-25,PHL,,9,159.00
2024-02-28,CPV,,5,41.00
2024-02-28,KWT,,1,13.00
2024-02-18,DMA,,2,2.00
2024-02-01,HRV,,1,22.00
2024-02-08,LUX,,3,53.00
2024-02-19,MDA,,1,2.00
2024-02-19,PLW,,4,86.00
2024-02-10,FRA,,4,64.00
2024-03-05,BGD,,10,167.00
2024-03-04,MNP,,1,18.00
2024-03-05,VCT,,2,47.00
2024-03-03,SAU,,9,61.00
2024-03-01,BIH,,1,1.00
2024-02-05,ATG,,9,132.00
2024-02-14,BRA,,2,30.00
2024-02-07,EGY,,1,24.00
2024-02-22,LSO,,1,16.00
2024-02-17,JOR,,1,24.00
2024-03-05,SOM,,1,2.00
2024-03-06,KNA,,4,76.00
2024-03-08,GNQ,,2,48.00
2024-02-10,MYS,,106,1279.00
2024-02-08,VUT,,2,26.00
2024-02-06,IRN,,11,121.00
2024-02-13,GRC,,19,373.00
2024-02-04,ITA,,2,43.00
2024-02-16,KNA,,3,45.00
2024-02-04,NOR,,13,190.00
2024-02-04,SMR,,1,19.00
2024-02-07,ZAF,,1,9.00
2024-02-09,CMR,,3,22.00
2024-02-16,TZA,,8,55.00
2024-02-28,LKA,,1,24.00
2024-02-21,KNA,,3,48.00
2024-02-05,GIB,,3,63.00
2024-03-02,CHE,,2,27.00
2024-02-21,LIE,,1,21.00
2024-03-04,ATG,,7,111.00
2024-02-13,GIB,,1,24.00
2024-02-19,NPL,,1,19.00
2024-02-05,NLD,,10,193.00
2024-02-15,PNG,,1,13.00
2024-02-02,BES,,1,24.00
2024-02-04,COK,,5,75.00
2024-02-20,DEU,,3,49.00
2024-02-24,TWN,,10,139.00
2024-02-15,BRN,,1,1.00
2024-02-17,BRN,,2,3.00
2024-02-20,NIU,,4,65.00
2024-02-26,PLW,,5,99.00
2024-02-27,ERI,,2,35.00
2024-02-14,LUX,,5,95.00
2024-02-17,MNG,,7,56.00
2024-02-24,NRU,,1,24.00
2024-02-27,SMR,,1,24.00
2024-02-05,KWT,,2,31.00
2024-02-21,FJI,,1,1.00
2024-03-04,NZL,,1,7.00
2024-03-05,FJI,,2,4.00
2024-02-02,PRT,,15,271.00
2024-02-20,TWN,,12,162.00
2024-02-08,VCT,,3,51.00
2024-02-03,BRB,,3,28.00
2024-02-24,KNA,,3,56.00
2024-02-14,MDV,,1,19.00
2024-02-19,ZAF,,1,9.00
2024-02-25,BRB,,3,44.00
2024-02-05,SMR,,1,20.00
2024-02-26,STP,,1,24.00
2024-02-27,BRA,,1,12.00
2024-02-26,MDV,,1,9.00
2024-02-16,LBY,,1,14.00
2024-02-06,LUX,,3,72.00
2024-02-03,ERI,,1,23.00
2024-02-02,BEL,,2,24.00
2024-02-16,QAT,,1,21.00
2024-03-02,BRN,,1,3.00
2024-02-25,BIH,,1,2.00
2024-03-04,GAB,,3,71.00
2024-03-07,LUX,,4,74.00
2024-03-08,KIR,,2,37.00
2024-02-15,MHL,,223,3618.00
2024-02-06,CHN,,107,1842.00
2024-02-10,GRC,,17,274.00
2024-02-25,TWN,,10,146.00
2024-02-03,IND,,6,36.00
2024-02-10,COK,,3,72.00
2024-02-04,ZAF,,1,21.00
2024-02-19,BRN,,2,16.00
2024-02-05,KIR,,1,13.00
2024-02-10,PHL,,4,71.00
2024-02-29,CHN,,127,2093.00
2024-02-29,FJI,,3,22.00
2024-02-09,URY,,3,3.00
2024-02-13,QAT,,1,21.00
2024-03-03,GNQ,,2,48.00
2024-03-02,POL,,3,7.00
2024-02-17,SMR,,1,24.00
2024-02-10,JOR,,1,24.00
2024-03-03,LSO,,1,16.00
2024-03-06,GNB,,2,17.00
2024-03-07,BRB,,5,92.00
2024-03-06,DJI,,1,9.00
2024-03-07,SLE,,12,141.00
2024-02-07,BRB,,2,11.00
2024-02-02,KNA,,3,54.00
2024-02-05,BEL,,4,69.00
2024-02-11,CMR,,2,25.00
2024-02-10,CYM,,12,175.00
2024-02-06,ESP,,1,7.00
2024-02-09,LBY,,1,17.00
2024-02-11,RUS,,2,7.00
2024-02-20,KHM,,1,15.00
2024-02-25,BRN,,2,26.00
2024-02-21,ESP,,1,14.00
2024-02-23,ESP,,1,4.00
2024-02-04,MUS,,1,24.00
2024-02-09,SWE,,2,26.00
2024-02-06,GAB,,3,72.00
2024-02-16,LKA,,1,24.00
2024-03-03,DEU,,3,48.00
2024-02-19,VUT,,2,28.00
2024-03-05,NPL,,1,11.00
2024-03-06,LIE,,1,9.00
2024-03-08,BOL,,1,12.00
2024-02-03,BHS,,42,652.00
2024-02-21,ATG,,7,116.00
2024-02-18,PHL,,7,100.00
2024-02-14,ITA,,4,11.00
2024-02-04,VCT,,5,100.00
2024-02-21,SWE,,1,10.00
2024-02-23,COM,,1,12.00
2024-02-11,ZAF,,1,9.00
2024-02-28,TZA,,5,71.00
2024-02-27,RUS,,1,3.00
2024-03-05,ATG,,5,35.00
2024-03-04,VCT,,2,48.00
2024-02-16,CPV,,3,24.00
2024-02-25,NZL,,1,1.00
2024-02-19,SMR,,1,24.00
2024-03-03,ALB,,1,8.00
2024-03-07,MNP,,1,1.00
2024-03-06,BOL,,1,3.00
2024-03-07,NZL,,1,2.00
2024-02-17,HKG,,226,3373.00
2024-02-12,MHL,,241,3851.00
2024-02-05,POL,,1,7.00
2024-02-02,PNG,,1,24.00
2024-02-01,BMU,,10,134.00
2024-02-15,TUR,,1,16.00
2024-02-02,VNM,,62,1014.00
2024-02-07,BES,,2,19.00
2024-02-13,TUR,,1,16.00
2024-02-20,ATG,,5,75.00
2024-02-18,CMR,,1,3.00
2024-02-25,ETH,,1,4.00
2024-02-08,SMR,,1,24.00
2024-02-29,MHL,,219,3263.00
2024-02-19,BES,,2,29.00
2024-02-21,LBY,,1,3.00
2024-02-11,NIU,,3,50.00
2024-02-01,VCT,,5,101.00
2024-03-03,BRB,,2,40.00
2024-03-02,AUS,,8,58.00
2024-03-03,BLZ,,24,458.00
2024-02-20,IRQ,,1,6.00
2024-02-05,ALB,,1,24.00
2024-02-10,LSO,,1,3.00
2024-03-05,PLW,,4,64.00
2024-03-04,TGO,,1,19.00
2024-03-08,LSO,,1,16.00
2024-02-09,BHS,,40,607.00
2024-02-10,MHL,,275,3981.00
2024-02-29,PRT,,20,336.00
2024-02-15,KNA,,1,24.00
2024-02-25,KIR,,1,24.00
2024-03-04,FRA,,7,56.00
2024-02-18,LIE,,1,1.00
2024-03-03,DJI,,1,7.00
2024-03-02,MNP,,1,13.00
2024-02-13,LBR,,322,5198.00
2024-02-01,LBR,,323,4959.00
2024-02-21,TWN,,9,140.00
2024-02-13,CYM,,8,136.00
2024-02-01,SLE,,15,131.00
2024-02-19,IRN,,8,142.00
2024-02-15,ITA,,2,14.00
2024-02-08,LVA,,1,1.00
2024-02-08,GAB,,4,87.00
2024-02-19,QAT,,1,22.00
2024-02-28,IND,,5,63.00
2024-02-07,GNQ,,2,48.00
2024-02-16,NIU,,3,48.00
2024-03-02,NPL,,1,8.00
2024-02-05,BRA,,1,2.00
2024-03-06,VNM,,88,1352.00
2024-03-06,EGY,,1,17.00
2024-02-05,SOM,,1,2.00
2024-02-14,THA,,15,197.00
2024-02-24,CHN,,130,1988.00
2024-02-24,IND,,6,74.00
2024-02-20,BGD,,20,313.00
2024-02-02,DJI,,1,10.00
2024-02-02,SMR,,1,4.00
2024-02-09,ZAF,,1,9.00
2024-02-02,TGO,,1,2.00
2024-02-07,SWZ,,1,13.00
2024-02-20,BES,,2,14.00
2024-02-28,BES,,2,8.00
2024-02-29,GUY,,1,9.00
2024-02-29,LKA,,1,24.00
2024-03-05,MLT,,69,929.00
2024-03-04,CHN,,130,2196.00
2024-03-04,PHL,,7,79.00
2024-03-01,COK,,5,91.00
2024-03-02,QAT,,1,24.00
2024-03-04,LIE,,1,22.00
2024-03-06,LBY,,1,5.00
2024-03-07,STP,,1,16.00
2024-02-13,BHS,,35,559.00
2024-02-02,HKG,,216,3211.00
2024-02-19,LBR,,320,5170.00
2024-02-20,THA,,33,455.00
2024-02-05,VNM,,70,1001.00
2024-02-08,ARG,,1,1.00
2024-02-08,ITA,,3,40.00
2024-02-07,RUS,,1,18.00
2024-02-22,LKA,,1,24.00
2024-02-06,CAN,,1,6.00
2024-02-26,BRN,,2,6.00
2024-02-27,JOR,,1,24.00
2024-02-02,HRV,,1,1.00
2024-02-09,KIR,,1,4.00
2024-02-16,VUT,,2,32.00
2024-03-01,ALB,,2,7.00
2024-03-03,PLW,,5,97.00
2024-02-01,NCL,,1,6.00
2024-03-07,BOL,,1,13.00
2024-02-17,GIB,,1,5.00
2024-02-12,ESP,,1,5.00
2024-02-05,PNG,,1,21.00
2024-02-20,GRC,,25,400.00
2024-02-14,DMA,,2,16.00
2024-02-18,IRN,,7,86.00
2024-02-18,RUS,,3,59.00
2024-02-02,CYM,,6,122.00
2024-02-28,ITA,,1,15.00
2024-02-12,GNQ,,2,48.00
2024-02-15,LBY,,1,3.00
2024-02-19,KHM,,1,3.00
2024-02-19,ERI,,1,24.00
2024-02-17,MDV,,1,10.00
2024-02-04,BHS,,39,646.00
2024-02-12,TWN,,13,184.00
2024-02-08,COM,,1,5.00
2024-02-12,CYM,,9,159.00
2024-02-08,DJI,,2,16.00
2024-02-22,GAB,,4,66.00
2024-02-10,SYC,,1,8.00
2024-02-24,KHM,,1,24.00
2024-02-14,TUR,,1,4.00
2024-02-06,SMR,,1,21.00
2024-02-17,BEL,,4,67.00
2024-02-26,BES,,1,24.00
2024-02-27,SOM,,1,1.00
2024-02-11,DMA,,1,9.00
2024-03-05,TUR,,3,31.00
2024-03-02,COK,,5,101.00
2024-03-04,DMA,,1,5.00
2024-03-03,QAT,,1,24.00
2024-03-06,HRV,,1,14.00
2024-02-19,IDN,,5667,78777.00
2024-02-18,FRO,,10,56.00
2024-02-13,HKG,,184,2749.00
2024-02-16,BEL,,6,86.00
2024-02-10,BRB,,2,27.00
2024-02-13,DNK,,17,177.00
2024-02-05,ESP,,1,1.00
2024-02-17,RUS,,3,67.00
2024-02-09,SLV,,1,2.00
2024-02-27,MDV,,1,11.00
2024-02-21,BEL,,2,10.00
2024-02-06,LBY,,1,7.00
2024-02-13,MUS,,1,24.00
2024-02-19,STP,,1,2.00
2024-02-18,LKA,,1,23.00
2024-02-14,VUT,,1,24.00
2024-03-01,BES,,1,24.00
2024-03-04,GNQ,,2,48.00
2024-03-06,ZAF,,1,23.00
2024-03-06,MUS,,1,24.00
2024-03-08,IRL,,1,8.00
2024-03-08,IRN,,15,182.00
2024-02-17,MHL,,224,3708.00
2024-02-10,BHS,,37,621.00
2024-02-02,POL,,1,3.00
2024-02-05,IND,,9,102.00
2024-02-07,FRA,,4,33.00
2024-02-10,DEU,,8,95.00
2024-02-23,SAU,,4,48.00
2024-02-22,THA,,21,302.00
2024-02-03,DMA,,1,3.00
2024-02-03,ZAF,,1,18.00
2024-02-20,ESP,,1,21.00
2024-02-29,PHL,,12,225.00
2024-02-29,IND,,2,34.00
2024-02-27,KWT,,2,23.00
2024-02-29,KWT,,1,20.00
2024-02-21,NRU,,1,24.00
2024-02-24,SWE,,1,9.00
2024-02-18,TUR,,1,24.00
2024-02-27,LKA,,1,24.00
2024-02-26,LKA,,1,24.00
2024-02-20,ERI,,1,24.00
2024-02-07,LIE,,1,24.00
2024-03-03,DMA,,1,3.00
2024-02-18,CAF,,1,2.00
2024-02-11,IDN,,5454,78145.00
2024-02-14,BLZ,,30,517.00
2024-02-03,IRN,,10,152.00
2024-02-22,KWT,,4,53.00
2024-02-07,STP,,1,24.00
2024-02-08,SWE,,1,6.00
2024-02-03,TGO,,1,12.00
2024-02-20,BRN,,1,18.00
2024-02-09,FJI,,1,8.00
2024-02-02,KIR,,2,33.00
2024-02-18,MUS,,1,24.00
2024-02-19,HRV,,1,23.00
2024-03-05,BES,,1,22.00
2024-02-11,PCN,,1,13.00
2024-03-02,ERI,,1,24.00
2024-03-06,GBR,,35,450.00
2024-03-07,HRV,,1,18.00
2024-02-16,GRC,,20,258.00
2024-02-15,GRC,,15,226.00
2024-02-06,CMR,,3,25.00
2024-02-15,DMA,,1,2.00
2024-02-08,GUY,,1,16.00
2024-02-22,ESP,,1,10.00
2024-02-07,BOL,,1,4.00
2024-02-10,MUS,,1,24.00
2024-02-03,NIU,,2,25.00
2024-02-22,LIE,,1,9.00
2024-02-16,JOR,,1,24.00
2024-03-06,BHS,,37,640.00
2024-02-21,IDN,,5719,80092.00
2024-02-14,POL,,1,8.00
2024-02-13,SMR,,1,17.00
2024-02-21,CMR,,1,5.00
2024-02-23,ZAF,,1,6.00
2024-02-21,STP,,1,16.00
2024-02-03,LUX,,4,90.00
2024-03-05,LBR,,314,5095.00
2024-03-05,,,1087,6066.00
2024-03-03,ITA,,2,21.00
2024-03-03,JPN,,40,620.00
2024-03-03,BES,,2,40.00
2024-02-16,MNE,,1,20.00
2024-02-21,IRQ,,1,6.00
2024-03-08,LUX,,4,88.00
2024-02-13,CHN,,146,2436.00
2024-02-07,PNG,,1,18.00
2024-02-23,KWT,,3,27.00
2024-02-06,BRB,,1,17.00
2024-02-11,MMR,,1,1.00
2024-02-25,PLW,,6,77.00
2024-02-09,PRK,,1,1.00
2024-02-24,LKA,,1,24.00
2024-02-26,KOR,,27,433.00
2024-02-26,MNP,,1,4.00
2024-03-01,PRT,,20,348.00
2024-03-04,HND,,1,15.00
2024-03-08,SAU,,6,75.00
2024-02-14,CPV,,5,42.00
2024-02-01,MLT,,62,922.00
2024-02-24,LBR,,298,4728.00
2024-02-08,AUS,,11,123.00
2024-02-05,DJI,,2,39.00
2024-02-10,NCL,,11,19.00
2024-02-17,TUR,,1,9.00
2024-02-09,NIU,,5,76.00
2024-02-06,EGY,,2,34.00
2024-02-04,EGY,,1,2.00
2024-02-16,PAK,,1,4.00
2024-02-16,WLF,,1,2.00
2024-02-26,QAT,,1,24.00
2024-02-25,GIB,,1,21.00
2024-02-05,NZL,,2,3.00
2024-02-04,LSO,,1,13.00
2024-03-07,CHN,,135,2055.00
2024-03-06,DMA,,1,2.00
2024-02-19,MDV,,1,12.00
2024-02-09,AUS,,11,137.00
2024-02-19,THA,,26,381.00
2024-02-06,COM,,1,5.00
2024-02-21,BES,,1,24.00
2024-02-19,GAB,,3,55.00
2024-02-09,LVA,,1,14.00
2024-02-05,VCT,,5,89.00
2024-02-26,BHS,,43,596.00
2024-02-26,IDN,,5549,77091.00
2024-02-27,MNG,,12,198.00
2024-02-26,NZL,,1,3.00
2024-02-24,DMA,,1,4.00
2024-02-25,MUS,,1,24.00
2024-03-01,GRC,,28,470.00
2024-02-23,RUS,,1,24.00
2024-02-11,QAT,,1,24.00
2024-03-02,GNB,,1,1.00
2024-02-03,VUT,,1,24.00
2024-02-09,ALB,,1,24.00
2024-02-24,PCN,,1,4.00
2024-02-14,LSO,,1,1.00
2024-03-06,BRB,,5,79.00
2024-02-20,GBR,,30,445.00
2024-02-18,MHL,,207,3537.00
2024-02-11,CYP,,27,367.00
2024-02-22,MYS,,97,1162.00
2024-02-23,LBY,,1,10.00
2024-02-02,FRA,,1,20.00
2024-02-23,DNK,,18,202.00
2024-02-29,MLT,,58,921.00
2024-02-26,FRO,,12,94.00
2024-02-14,MUS,,1,24.00
2024-02-14,NRU,,1,24.00
2024-02-26,ALB,,1,24.00
2024-02-23,GIB,,1,24.00
2024-03-01,CHN,,117,2038.00
2024-02-20,ALB,,1,24.00
2024-02-23,PAN,,462,7615.00
2024-02-21,MDV,,1,14.00
2024-02-16,MLT,,57,972.00
2024-02-17,LBR,,313,4888.00
2024-02-23,CHN,,129,2241.00
2024-02-08,PNG,,1,19.00
2024-02-11,ITA,,5,64.00
2024-02-08,SAU,,7,90.00
2024-02-16,COK,,7,65.00
2024-02-18,IND,,6,38.00
2024-02-09,SYC,,1,21.00
2024-02-15,MNP,,1,5.00
2024-02-09,SWZ,,1,1.00
2024-02-15,USA,,4,53.00
2024-03-04,NIU,,4,71.00
2024-03-04,TZA,,6,69.00
2024-02-02,ALB,,1,17.00
2024-02-24,JOR,,1,24.00
2024-03-07,PAN,,448,7302.00
2024-03-02,LSO,,1,2.00
2024-03-08,KOR,,37,526.00
2024-02-19,,,1080,6450.00
2024-02-06,,,888,5461.00
2024-02-04,LBR,,348,5618.00
2024-02-25,,,952,5363.00
2024-02-07,IDN,,5611,80294.00
2024-02-11,,,857,5734.00
2024-02-14,,,895,5554.00
2024-02-18,IDN,,5557,77214.00
2024-02-08,IDN,,5731,80882.00
2024-02-15,IDN,,5469,78655.00
2024-02-06,IDN,,5737,80657.00
2024-02-17,IDN,,5632,79252.00
2024-02-14,IDN,,5389,75258.00
2024-02-02,BHS,,38,557.00
2024-02-09,HKG,,180,2670.00
2024-02-03,MHL,,252,3955.00
2024-02-25,FRO,,13,109.00
2024-02-03,CYP,,40,512.00
2024-02-01,SGP,,324,4296.00
2024-02-06,BMU,,6,81.00
2024-02-24,MYS,,113,1439.00
2024-02-12,HKG,,172,2656.00
2024-02-18,LBR,,315,5183.00
2024-02-02,SLE,,13,136.00
2024-02-09,MHL,,264,3985.00
2024-02-16,MHL,,229,3629.00
2024-02-21,PAN,,451,7375.00
2024-02-07,SGP,,327,4296.00
2024-02-25,MHL,,255,3860.00
2024-02-14,MYS,,85,1146.00
2024-02-08,SGP,,337,4365.00
2024-02-08,MHL,,267,3788.00
2024-02-13,MNG,,11,116.00
2024-02-13,MLT,,59,843.00
2024-02-08,BRB,,3,31.00
2024-02-09,TZA,,6,82.00
2024-02-03,MLT,,61,941.00
2024-02-20,MHL,,220,3295.00
2024-02-19,BHS,,45,808.00
2024-02-18,BHS,,39,610.00
2024-02-22,CMR,,3,38.00
2024-02-18,GAB,,4,83.00
2024-02-02,GRC,,25,348.00
2024-02-05,HKG,,197,2879.00
2024-02-22,JPN,,30,443.00
2024-02-24,MLT,,61,995.00
2024-02-08,MYS,,91,1222.00
2024-02-03,SGP,,305,4517.00
2024-02-23,VNM,,61,839.00
2024-02-11,MLT,,62,716.00
2024-02-15,MLT,,59,866.00
2024-02-09,SLE,,7,140.00
2024-02-09,MLT,,62,966.00
2024-02-04,DEU,,4,55.00
2024-02-21,MNG,,9,138.00
2024-02-16,CHN,,140,2410.00
2024-02-07,CYP,,34,550.00
2024-02-21,NIU,,4,66.00
2024-02-17,VNM,,67,1059.00
2024-02-26,SGP,,283,3936.00
2024-02-29,LBR,,291,4399.00
2024-02-29,JPN,,33,503.00
2024-02-27,CHN,,125,2126.00
2024-02-28,JPN,,33,488.00
2024-02-29,PAN,,425,6691.00
2024-02-29,GRC,,28,482.00
2024-02-29,SLE,,10,123.00
2024-02-26,,,985,5817.00
2024-02-29,BRA,,1,16.00
2024-02-28,JOR,,1,24.00
2024-02-26,GIB,,1,10.00
2024-02-29,SAU,,5,37.00
2024-02-06,BEL,,4,33.00
2024-02-21,BLZ,,30,569.00
2024-02-05,DMA,,1,2.00
2024-02-08,LKA,,2,14.00
2024-02-01,MYS,,86,1215.00
2024-02-06,VNM,,63,863.00
2024-02-28,BLZ,,28,517.00
2024-02-03,KOR,,32,470.00
2024-02-22,GBR,,31,467.00
2024-02-12,IND,,7,70.00
2024-02-18,BLZ,,25,472.00
2024-02-23,KIR,,1,24.00
2024-03-03,SGP,,359,4233.00
2024-03-02,IDN,,5747,78570.00
2024-03-04,IDN,,5676,77850.00
2024-02-15,VNM,,61,1004.00
2024-02-06,LIE,,1,24.00
2024-03-04,MYS,,88,1018.00
2024-03-03,IDN,,5706,79471.00
2024-03-02,LBR,,275,4353.00
2024-03-01,MLT,,56,852.00
2024-03-04,MHL,,219,3326.00
2024-03-01,BHS,,43,727.00
2024-03-04,BMU,,7,113.00
2024-03-01,LBR,,283,4406.00
2024-03-04,KIR,,2,44.00
2024-03-04,GBR,,34,399.00
2024-03-01,KNA,,5,79.00
2024-03-03,MLT,,66,1048.00
2024-02-17,GBR,,25,368.00
2024-02-16,CYM,,6,114.00
2024-02-16,ALB,,1,24.00
2024-02-23,PCN,,1,11.00
2024-02-22,DNK,,16,234.00
2024-02-23,KOR,,30,406.00
2024-03-05,NOR,,17,324.00
2024-03-06,LBR,,308,5109.00
2024-03-06,MYS,,88,975.00
2024-03-06,HKG,,197,3141.00
2024-03-07,LBR,,298,4851.00
2024-03-06,PAN,,429,6955.00
2024-03-06,PLW,,5,95.00
2024-03-07,PLW,,3,72.00
2024-03-08,BHS,,40,612.00
2024-03-08,CYP,,34,552.00
2024-02-01,FRO,,10,63.00
2024-02-04,CPV,,6,43.00
2024-02-11,IND,,8,80.00
2024-02-25,JPN,,28,512.00
2024-02-19,TZA,,8,103.00
2024-02-19,BRB,,4,30.00
2024-02-17,PNG,,1,20.00
2024-02-13,JPN,,31,522.00
2024-02-12,NOR,,15,268.00
2024-02-25,ATG,,6,102.00
2024-02-09,BMU,,6,117.00
2024-02-15,EGY,,1,1.00
2024-02-23,FRA,,5,63.00
2024-02-14,IRN,,8,95.00
2024-02-20,KWT,,3,52.00
2024-02-07,LKA,,1,24.00
2024-02-07,NLD,,14,245.00
2024-02-18,SAU,,8,57.00
2024-02-07,THA,,25,333.00
2024-02-23,CYP,,30,447.00
2024-02-25,CYM,,9,126.00
2024-02-05,NOR,,13,202.00
2024-02-08,PHL,,7,88.00
2024-02-09,BEL,,5,83.00
2024-02-20,VNM,,59,875.00
2024-02-28,KOR,,25,396.00
2024-02-26,GNQ,,2,48.00
2024-02-25,LUX,,6,119.00
2024-02-17,PLW,,4,96.00
2024-02-02,NLD,,12,223.00
2024-02-15,THA,,13,208.00
2024-02-12,ERI,,2,34.00
2024-02-10,LIE,,1,1.00
2024-03-03,MYS,,85,1028.00
2024-03-04,SAU,,11,98.00
2024-03-05,BLZ,,23,426.00
2024-03-05,DMA,,1,5.00
2024-03-04,BLZ,,26,437.00
2024-03-02,GBR,,26,360.00
2024-02-13,CPV,,5,45.00
2024-02-17,FRA,,5,44.00
2024-02-03,AUS,,11,174.00
2024-02-05,JOR,,1,24.00
2024-02-21,SMR,,1,24.00
2024-02-23,TUV,,11,207.00
2024-03-07,KIR,,3,61.00
2024-03-06,AUS,,6,54.00
2024-03-08,SMR,,1,14.00
2024-02-25,PNG,,2,12.00
2024-02-08,USA,,6,70.00
2024-02-12,KOR,,35,530.00
2024-02-13,NLD,,11,213.00
2024-02-06,MNG,,12,131.00
2024-02-12,FRA,,5,80.00
2024-02-09,KNA,,3,49.00
2024-02-25,MNG,,13,221.00
2024-02-05,SAU,,5,55.00
2024-02-12,TGO,,2,14.00
2024-02-26,NOR,,14,224.00
2024-02-28,FRO,,13,105.00
2024-02-02,PLW,,7,154.00
2024-02-26,LSO,,1,18.00
2024-02-19,LKA,,1,24.00
2024-03-04,USA,,7,67.00
2024-03-05,KIR,,3,61.00
2024-03-02,FRO,,12,81.00
2024-02-22,JOR,,1,24.00
2024-02-24,CYM,,9,159.00
2024-03-07,SYC,,2,9.00
2024-03-06,BMU,,12,179.00
2024-03-07,LSO,,1,15.00
2024-03-08,BRA,,1,12.00
2024-03-08,BRB,,5,69.00
2024-03-08,GRC,,27,360.00
2024-03-08,NIU,,3,49.00
2024-03-08,SYC,,2,21.00
2024-02-23,FRO,,9,62.00
2024-02-12,CPV,,5,46.00
2024-02-05,BMU,,4,68.00
2024-02-11,ATG,,5,71.00
2024-02-15,PLW,,6,120.00
2024-02-20,BGR,,1,2.00
2024-02-12,STP,,2,30.00
2024-02-24,JPN,,32,559.00
2024-02-09,NCL,,5,5.00
2024-02-19,SAU,,7,43.00
2024-02-26,BMU,,7,93.00
2024-02-27,CYM,,8,117.00
2024-02-29,ARE,,1,2.00
2024-02-12,PLW,,6,109.00
2024-02-12,COK,,4,61.00
2024-02-24,TGO,,1,24.00
2024-03-03,HRV,,1,8.00
2024-03-04,IND,,7,97.00
2024-02-10,AUS,,10,111.00
2024-02-25,LSO,,1,18.00
2024-03-04,NLD,,9,147.00
2024-03-07,PNG,,1,8.00
2024-03-06,TUR,,1,15.00
2024-03-07,FRA,,6,70.00
2024-02-22,LBY,,1,11.00
2024-02-24,NIU,,3,51.00
2024-02-18,COK,,7,92.00
2024-02-08,NCL,,5,6.00
2024-02-25,NOR,,14,224.00
2024-02-13,ITA,,1,14.00
2024-02-10,NOR,,13,200.00
2024-02-22,STP,,1,8.00
2024-02-15,TUV,,9,136.00
2024-02-10,TWN,,9,164.00
2024-02-22,TWN,,11,187.00
2024-02-27,IRN,,11,129.00
2024-02-24,RUS,,1,14.00
2024-03-02,BES,,2,42.00
2024-02-05,LIE,,1,18.00
2024-03-01,ATG,,6,69.00
2024-03-07,FRO,,11,68.00
2024-02-16,POL,,1,3.00
2024-02-03,BES,,2,13.00
2024-02-24,BES,,1,2.00
2024-02-21,IRN,,8,97.00
2024-02-02,DMA,,1,2.00
2024-02-13,FRA,,4,82.00
2024-02-05,NIU,,3,40.00
2024-02-04,NIU,,2,26.00
2024-02-15,SMR,,1,23.00
2024-02-23,ATG,,6,66.00
2024-02-06,NOR,,10,120.00
2024-03-05,BEL,,4,96.00
2024-03-02,ITA,,1,7.00
2024-03-06,CYM,,5,98.00
2024-02-17,POL,,1,1.00
2024-02-09,BOL,,1,1.00
2024-02-05,BRB,,2,35.00
2024-02-23,TGO,,2,34.00
2024-02-23,EGY,,1,24.00
2024-02-24,PNG,,2,8.00
2024-02-24,GNQ,,2,48.00
2024-02-11,GNQ,,2,48.00
2024-02-20,MNG,,11,123.00
2024-02-16,NRU,,1,24.00
2024-02-01,ARE,,1,1.00
2024-02-10,ERI,,1,24.00
2024-03-05,QAT,,1,22.00
2024-03-01,BRB,,1,21.00
2024-03-03,CPV,,5,26.00
2024-02-20,CPV,,5,21.00
2024-02-08,NZL,,2,20.00
2024-02-15,AUS,,7,56.00
2024-02-07,NZL,,5,29.00
2024-02-03,ALB,,1,24.00
2024-02-02,PSE,,1,2.00
2024-02-15,MNE,,1,8.00
2024-02-10,KIR,,2,18.00
2024-02-06,LKA,,1,4.00
2024-02-11,GIN,,1,2.00
2024-02-01,MNG,,7,74.00
2024-02-07,NRU,,1,24.00
2024-02-10,STP,,1,4.00
2024-02-28,ERI,,2,36.00
2024-02-20,KIR,,2,29.00
2024-02-03,GAB,,4,76.00
2024-03-03,TUR,,3,37.00
2024-02-03,JOR,,1,24.00
2024-02-12,FRO,,9,76.00
2024-02-09,BES,,2,13.00
2024-02-21,GAB,,4,84.00
2024-02-28,BRB,,3,33.00
2024-02-08,GNQ,,2,48.00
2024-02-08,ERI,,1,24.00
2024-02-16,BRA,,2,44.00
2024-02-05,TUV,,11,170.00
2024-02-04,KWT,,3,59.00
2024-03-07,GNB,,2,3.00
2024-02-10,DJI,,1,16.00
2024-02-18,ETH,,1,6.00
2024-02-29,BEL,,3,58.00
2024-02-13,GNQ,,2,48.00
2024-02-17,TGO,,2,15.00
2024-02-27,TGO,,1,23.00
2024-02-18,NIU,,3,70.00
2024-03-02,SWE,,2,22.00
2024-03-05,ETH,,1,10.00
2024-02-24,LSO,,1,16.00
2024-02-16,BRN,,2,5.00
2024-02-11,NZL,,2,4.00
2024-02-08,JOR,,2,29.00
2024-02-28,MNP,,1,6.00
2024-02-18,MNP,,1,11.00
2024-02-11,ERI,,1,24.00
2024-02-24,BRA,,1,9.00
2024-02-23,FJI,,1,7.00
2024-02-10,GAB,,5,77.00
2024-02-05,LSO,,1,16.00
2024-02-23,ALB,,1,24.00
2024-02-06,NZL,,5,20.00
2024-02-01,EGY,,2,13.00
2024-02-03,SAU,,5,54.00
2024-02-29,GIB,,1,23.00
2024-02-09,BFA,,1,2.00
2024-02-10,LUX,,4,84.00
2024-02-09,NZL,,2,21.00
2024-02-03,ARE,,1,2.00
2024-03-01,NZL,,1,8.00
2024-02-13,MDV,,1,9.00
2024-02-16,RUS,,2,26.00
2024-02-14,TGO,,1,21.00
2024-03-01,BRN,,1,5.00
2024-02-22,RUS,,1,24.00
2024-03-08,TGO,,1,24.00
2024-02-06,LVA,,1,8.00
2024-02-25,GNQ,,2,48.00
2024-03-04,COK,,5,107.00
2024-03-04,QAT,,1,24.00
2024-03-07,SMR,,1,24.00
2024-02-20,BMU,,2,38.00
2024-02-17,MMR,,1,9.00
2024-03-03,HND,,1,13.00
2024-02-19,MNP,,1,13.00
2024-02-01,BRN,,1,2.00
2024-03-02,PNG,,1,1.00
2024-02-15,MDV,,1,16.00
2024-02-08,URY,,1,3.00
2024-02-01,STP,,1,2.00
2024-02-19,PAK,,1,17.00
2024-02-10,SWZ,,1,6.00
2024-02-24,LBY,,1,11.00
2024-02-24,KIR,,1,24.00
2024-03-08,MNP,,1,5.00
2024-02-23,KHM,,1,24.00
2024-03-05,LBY,,1,2.00
2024-02-24,ALB,,1,24.00
2024-02-04,ETH,,1,6.00
2024-03-08,UZB,,1,6.00
2024-02-15,ESP,,2,5.00
2024-03-04,GIB,,1,14.00
2024-03-03,PNG,,1,3.00
2024-03-06,UZB,,1,6.00
2024-02-27,GIB,,3,34.00
2024-02-23,SWE,,1,3.00
2024-03-02,BRB,,1,24.00
